EMPRESA,ANO,TIPO
2LA EVENTOS,2025,EMPRESA DE EVENTOS
3 MARIAS CAFETERIA,2025,ALIMENTAÇÃO FORA DO LAR
"4L'S CONSERTOS, PEÇAS E SERVIÇOS",2025,LOJAS DE VAREJO
77 FERRAMENTAS E EQUIPAMENTOS LTDA,2025,LOJAS DE VAREJO
88 BIER,2023,ALIMENTAÇÃO FORA DO LAR
A&G RESTAURANTE LTDA,2024,ALIMENTAÇÃO FORA DO LAR
A&M MONTAGENS E EVENTOS,2017,EMPRESA DE EVENTOS
A&M MONTAGENS E EVENTOS,2016,EMPRESA DE EVENTOS
A&M MONTAGENS E EVENTOS,2018,EMPRESA DE EVENTOS
A&M MONTAGENS E EVENTOS,2022,EMPRESA DE EVENTOS
A&M MONTAGENS E EVENTOS,2019,EMPRESA DE EVENTOS
A&M MONTAGENS E EVENTOS,2024,EMPRESA DE EVENTOS
A&M MONTAGENS E EVENTOS,2023,EMPRESA DE EVENTOS
A&M MONTAGENS E EVENTOS,2015,EMPRESA DE EVENTOS
A&M MONTAGENS E EVENTOS,2014,EMPRESA DE EVENTOS
ABAETE BAR E RESTAURANTE LTDA,2024,ALIMENTAÇÃO FORA DO LAR
ABIG PNEUS,2022,MANUTENÇÃO DE VEÍCULOS
ABSOLUTO ESPORTE BAR & GASTRONOMIA,2022,ALIMENTAÇÃO FORA DO LAR
ACADEMIA FIT LINE,2022,ACADEMIA
ACADEMIA FIT LINE,2024,ACADEMIA
ACADEMIA FIT LINE,2023,ACADEMIA
ACADEMIA FITNESS EXCLUSIVE LTDA,2024,ACADEMIA
ACADEMIA FLEC,2022,ACADEMIA
ACADEMIA LEILA FIT CLUB,2022,ACADEMIA
ACADEMIA MAIS FITNESS,2024,ACADEMIA
ACADEMIA TAUROS ,2022,ACADEMIA
ACADEMIA TAUROS ,2023,ACADEMIA
ACARAGRI,2025,LOJAS DE VAREJO
ADRIANO PRADO MARQUES,2025,MANUTENÇÃO DE VEÍCULOS
AFETUR VIAGENS E TURISMO LTDA,2024,AGÊNCIA DE VIAGENS 
AFETUR VIAGENS E TURISMO LTDA,2022,AGÊNCIA DE VIAGENS
ÁGAPE ACADEMIA,2024,ACADEMIA
AGENCIA DE TURISMO ICARAIZINHO ADVENTURE,2024,AGÊNCIA DE VIAGENS 
AGENCIA FORTALEZENSE DE EXCURSOES E TURISMO LTDA - AFETUR TURISMO,2023,AGÊNCIA DE VIAGENS 
AGÊNCIA TERA,2024,EMPRESA DE EVENTOS
AGROPECUARIA PONTO 13,2025,LOJAS DE VAREJO
ÁGUA VIVA RESTAURANTE E BAR,2011 / 2012,ALIMENTAÇÃO FORA DO LAR
ÁGUA VIVA RESTAURANTE E BAR,2009 / 2010,ALIMENTAÇÃO FORA DO LAR
AKZO BEACH PRAIA DE MACEIÓ,2023,ALIMENTAÇÃO FORA DO LAR
ALBURQUERQUE DELICATESSEN,2019,ALIMENTAÇÃO FORA DO LAR
ALECRIM BISTRÔ,2025,ALIMENTAÇÃO FORA DO LAR
ALFA ACADEMIA FITNESS,2024,ACADEMIA
ALFA LABORATORIO CLINICO,2025,SERVIÇOS LABORATORIAIS
ALISON DE SOUSA SABOIA LTDA,2025,ALIMENTAÇÃO FORA DO LAR
ALOHA JERI,2017,HOSPEDAGEM
ALOHA VILLAGE,2023,HOSPEDAGEM
ALÔW PIZZA,2018,ALIMENTAÇÃO FORA DO LAR
ALÔW PIZZA,2019,ALIMENTAÇÃO FORA DO LAR
ALQUIMIA BEACH,2023,ALIMENTAÇÃO FORA DO LAR
ALQUIMIA RESTAURANTE & BISTRÔ,2023,ALIMENTAÇÃO FORA DO LAR
ALTA PERFORMANCE ESCOLA DE GINÁSTICA E DANÇA LTDA,2023,ACADEMIA
AME (AMBULATÓRIO DE MEDIDAS DE ENFERMAGEM),2024,SERVIÇOS DE SAÚDE
AMÉRICA BEER,2011 / 2012,ALIMENTAÇÃO FORA DO LAR
AMÉRICA BEER,2014,ALIMENTAÇÃO FORA DO LAR
AMÉRICA BEER FUXICO,2016,ALIMENTAÇÃO FORA DO LAR
AMÉRICA BEER FUXICO,2015,ALIMENTAÇÃO FORA DO LAR
AMÉRICA BEER SUL,2011 / 2012,ALIMENTAÇÃO FORA DO LAR
AMÉRICA DO CHOP,2024,ALIMENTAÇÃO FORA DO LAR
AMOROXO,2024,ALIMENTAÇÃO FORA DO LAR
AMOVET CLINICA VETERINARIA,2024,SERVIÇOS DE SAÚDE
ANTIGUUS GASTROBAR,2025,ALIMENTAÇÃO FORA DO LAR
ANTONIA DORIS FERNANDES,2025,HOSPEDAGEM 
ANTONIO NEURIDES UCHOA DA SILVA ,2024,ALIMENTAÇÃO FORA DO LAR
AQUARELA PALACE HOTEL,2019,HOSPEDAGEM 
ARAJARA PARK,2018,HOSPEDAGEM
AREA 42 COWORKING E TECHHUB LTDA,2024,COWORKING
ARMAZÉM DA ESQUINA GASTROBAR,2025,ALIMENTAÇÃO FORA DO LAR
ARMONIA LOUNGE & RESTAURANT,2023,ALIMENTAÇÃO FORA DO LAR
ARQUITETA EVENTOS,2014,EMPRESA DE EVENTOS
ART CAFÉ,2017,ALIMENTAÇÃO FORA DO LAR
ART CAFÉ,2016,ALIMENTAÇÃO FORA DO LAR
ARTCOM,2025,LOJAS DE VAREJO
ARTE MASSAS DELICATESSEN,2019,ALIMENTAÇÃO FORA DO LAR
ARX EVENTOS,2019,EMPRESA DE EVENTOS
ARX EVENTOS,2018,EMPRESA DE EVENTOS
ARX EVENTOS,2017,EMPRESA DE EVENTOS
ARX EVENTOS,2016,EMPRESA DE EVENTOS
ARX EVENTOS,2015,EMPRESA DE EVENTOS
ARX EVENTOS,2013,EMPRESA DE EVENTOS
ARX EVENTOS,2011 / 2012,EMPRESA DE EVENTOS
ARX EVENTOS,2009 / 2010,EMPRESA DE EVENTOS
ARX EVENTOS,2024,EMPRESA DE EVENTOS
ARX EVENTOS,2023,EMPRESA DE EVENTOS
ARX EVENTOS,2014,EMPRESA DE EVENTOS
ARX EVENTOS,2022,EMPRESA DE EVENTOS
ATLETIVE SPORT CENTER ACADEMIA E SERVICOS LTDA,2021,ACADEMIA
AUDI SOM APARELHOS AUDITIVOS,2025,LOJAS DE VAREJO
AUTO PECAS PAULISTA,2024,MANUTENÇÃO DE VEÍCULOS
AUTO PECAS PAULISTA,2025,MANUTENÇÃO DE VEÍCULOS
AUTOTRACK,2025,MANUTENÇÃO DE VEÍCULOS
AVENIDA BAR E RESTO,2018,ALIMENTAÇÃO FORA DO LAR
AVENIDA BAR E RESTO,2017,ALIMENTAÇÃO FORA DO LAR
BALCONE RESTÔ,2019,ALIMENTAÇÃO FORA DO LAR
BALU DOCES – ALDEOTA,2009 / 2010,ALIMENTAÇÃO FORA DO LAR
BALU DOCES – MEIRELES,2009 / 2010,ALIMENTAÇÃO FORA DO LAR
BAMBU FOOD GARDEN,2025,ALIMENTAÇÃO FORA DO LAR
BANGALÔS SOL DE LAGOINHA ,2024,HOSPEDAGEM 
BAR E RESTAURANTE TEMPERO DO MAR,2023,ALIMENTAÇÃO FORA DO LAR
BARBARIANS PUB,2023,ALIMENTAÇÃO FORA DO LAR
BARRACA ÁGUA VIVA,2014,ALIMENTAÇÃO FORA DO LAR
BARRACA AMÉRICA DO SOL,2013,ALIMENTAÇÃO FORA DO LAR
BARRACA AMÉRICA DO SOL,2023,ALIMENTAÇÃO FORA DO LAR
BARRACA AMÉRICA DO SOL,2022,ALIMENTAÇÃO FORA DO LAR
BARRACA AMÉRICA DO SOL,2019,ALIMENTAÇÃO FORA DO LAR
BARRACA AMÉRICA DO SOL,2018,ALIMENTAÇÃO FORA DO LAR
BARRACA AMÉRICA DO SOL,2017,ALIMENTAÇÃO FORA DO LAR
BARRACA AMÉRICA DO SOL,2016,ALIMENTAÇÃO FORA DO LAR
BARRACA AMÉRICA DO SOL,2015,ALIMENTAÇÃO FORA DO LAR
BARRACA AMÉRICA DO SOL,2014,ALIMENTAÇÃO FORA DO LAR
BARRACA AMÉRICA DO SOL,2009 / 2010,ALIMENTAÇÃO FORA DO LAR
BARRACA AMÉRICA DO SOL,2011 / 2012,ALIMENTAÇÃO FORA DO LAR
BARRACA AMÉRICA DO SOL,2013,ALIMENTAÇÃO FORA DO LAR
BARRACA ATLANTIDZ,2014,ALIMENTAÇÃO FORA DO LAR
BARRACA BOM MOTIVO,2013,ALIMENTAÇÃO FORA DO LAR
CHEGA MAIS BEACH BARRACA E RESTAURANTE,2016,ALIMENTAÇÃO FORA DO LAR
CHEGA MAIS BEACH BARRACA E RESTAURANTE,2014,ALIMENTAÇÃO FORA DO LAR
CHEGA MAIS BEACH BARRACA E RESTAURANTE,2013,ALIMENTAÇÃO FORA DO LAR
CHEGA MAIS BEACH BARRACA E RESTAURANTE,2011 / 2012,ALIMENTAÇÃO FORA DO LAR
CHEGA MAIS BEACH BARRACA E RESTAURANTE,2009 / 2010,ALIMENTAÇÃO FORA DO LAR
CHEGA MAIS BEACH BARRACA E RESTAURANTE,2023,ALIMENTAÇÃO FORA DO LAR
CHEGA MAIS BEACH BARRACA E RESTAURANTE,2017,ALIMENTAÇÃO FORA DO LAR
BARRACA CHICO DO CARANGUEJO,2019,ALIMENTAÇÃO FORA DO LAR
BARRACA CHICO DO CARANGUEJO,2016,ALIMENTAÇÃO FORA DO LAR
BARRACA CHICO DO CARANGUEJO,2015,ALIMENTAÇÃO FORA DO LAR
BARRACA CHICO DO CARANGUEJO,2014,ALIMENTAÇÃO FORA DO LAR
BARRACA CHICO DO CARANGUEJO,2018,ALIMENTAÇÃO FORA DO LAR
BARRACA COZINHA DA DANNY,2016,ALIMENTAÇÃO FORA DO LAR
BARRACA COZINHA DA DANNY,2018,ALIMENTAÇÃO FORA DO LAR
BARRACA CROCOBEACH,2013,ALIMENTAÇÃO FORA DO LAR
BARRACA CROCOBEACH,2011 / 2012,ALIMENTAÇÃO FORA DO LAR
BARRACA CUCA LEGAL,2018,ALIMENTAÇÃO FORA DO LAR
BARRACA CUCA LEGAL,2022,ALIMENTAÇÃO FORA DO LAR
BARRACA CUCA LEGAL,2019,ALIMENTAÇÃO FORA DO LAR
BARRACA CUCA LEGAL,2017,ALIMENTAÇÃO FORA DO LAR
BARRACA CUCA LEGAL,2016,ALIMENTAÇÃO FORA DO LAR
BARRACA CUCA LEGAL,2015,ALIMENTAÇÃO FORA DO LAR
BARRACA CUCA LEGAL,2014,ALIMENTAÇÃO FORA DO LAR
BARRACA CUCA LEGAL,2013,ALIMENTAÇÃO FORA DO LAR
BARRACA DONA DIVA,2018,ALIMENTAÇÃO FORA DO LAR
BARRACA E RESTAURANTE ANTÔNIO COCO,2024,ALIMENTAÇÃO FORA DO LAR
BARRACA E RESTAURANTE ANTÔNIO COCO,2018,ALIMENTAÇÃO FORA DO LAR
BARRACA E RESTAURANTE ANTÔNIO COCO,2013,ALIMENTAÇÃO FORA DO LAR
BARRACA E RESTAURANTE ANTÔNIO COCO,2009 / 2010,ALIMENTAÇÃO FORA DO LAR
BARRACA E RESTAURANTE ANTÔNIO COCO,2022,ALIMENTAÇÃO FORA DO LAR
BARRACA E RESTAURANTE ANTÔNIO COCO,2023,ALIMENTAÇÃO FORA DO LAR
BARRACA E RESTAURANTE ANTÔNIO COCO,2019,ALIMENTAÇÃO FORA DO LAR
BARRACA E RESTAURANTE ANTÔNIO COCO,2017,ALIMENTAÇÃO FORA DO LAR
BARRACA E RESTAURANTE ANTÔNIO COCO,2016,ALIMENTAÇÃO FORA DO LAR
BARRACA E RESTAURANTE ANTÔNIO COCO,2015,ALIMENTAÇÃO FORA DO LAR
BARRACA E RESTAURANTE SJ,2013,ALIMENTAÇÃO FORA DO LAR
BARRACA E RESTAURANTE SJ,2011 / 2012,ALIMENTAÇÃO FORA DO LAR
BARRACA E RESTAURANTE SJ,2015,ALIMENTAÇÃO FORA DO LAR
BARRACA E RESTAURANTE SJ,2014,ALIMENTAÇÃO FORA DO LAR
BARRACA E RESTAURANTE SJ,2009 / 2010,ALIMENTAÇÃO FORA DO LAR
BARRACA MAREAR PARK,2018,ALIMENTAÇÃO FORA DO LAR
BARRACA MAREAR PARK,2014,ALIMENTAÇÃO FORA DO LAR
BARRACA MAREAR PARK,2013,ALIMENTAÇÃO FORA DO LAR
BARRACA MAREAR PARK,2011 / 2012,ALIMENTAÇÃO FORA DO LAR
BARRACA MARIA E ABILIO,2018,ALIMENTAÇÃO FORA DO LAR
BARRACA MARULHO,2023,ALIMENTAÇÃO FORA DO LAR
BARRACA MARULHO,2022,ALIMENTAÇÃO FORA DO LAR
BARRACA MARULHO,2019,ALIMENTAÇÃO FORA DO LAR
BARRACA MARULHO,2018,ALIMENTAÇÃO FORA DO LAR
BARRACA MARULHO,2017,ALIMENTAÇÃO FORA DO LAR
BARRACA MARULHO,2016,ALIMENTAÇÃO FORA DO LAR
BARRACA MARULHO,2015,ALIMENTAÇÃO FORA DO LAR
BARRACA MARULHO,2014,ALIMENTAÇÃO FORA DO LAR
BARRACA MARULHO,2011 / 2012,ALIMENTAÇÃO FORA DO LAR
BARRACA MARULHO,2009 / 2010,ALIMENTAÇÃO FORA DO LAR
BARRACA MARULHO,2024,ALIMENTAÇÃO FORA DO LAR
BARRACA NEW BEACH,2023,ALIMENTAÇÃO FORA DO LAR
BARRACA NEW BEACH,2019,ALIMENTAÇÃO FORA DO LAR
BARRACA NOSSA PRAIA,2025,ALIMENTAÇÃO FORA DO LAR
BARRACA NOSSA PRAIA,2023,ALIMENTAÇÃO FORA DO LAR
BARRACA NOSSA PRAIA,2022,ALIMENTAÇÃO FORA DO LAR
BARRACA SANTA PRAIA,2024,ALIMENTAÇÃO FORA DO LAR
BARRACA SANTA PRAIA,2023,ALIMENTAÇÃO FORA DO LAR
BARRACA TERRA DO SOL,2013,ALIMENTAÇÃO FORA DO LAR
BARRACA TIA ELZA E JANAINA,2018,ALIMENTAÇÃO FORA DO LAR
BASÍLICO RESTAURANTE,2016,ALIMENTAÇÃO FORA DO LAR
BASÍLICO RESTAURANTE,2015,ALIMENTAÇÃO FORA DO LAR
BEA ALIMENTAÇÃO SAUDAVEL,2024,ALIMENTAÇÃO FORA DO LAR
BEACH ECO STAYS,2025,HOSPEDAGEM 
BEIJA FLOR TAPIOCARIA,2023,ALIMENTAÇÃO FORA DO LAR
BEIRA MAR RESTAURANTE & BAR,2009 / 2010,ALIMENTAÇÃO FORA DO LAR
BEIRA MAR RESTAURANTE & BAR,2014,ALIMENTAÇÃO FORA DO LAR
BEIRA MAR RESTAURANTE & BAR,2011 / 2012,ALIMENTAÇÃO FORA DO LAR
BELFORMULA,2025,LOJAS DE VAREJO
BENÉVOLO 1 - CAFÉ GELATO,2018,ALIMENTAÇÃO FORA DO LAR
BEZERRA RESTAURANTE,2019,ALIMENTAÇÃO FORA DO LAR
BEZERRA RESTAURANTE,2017,ALIMENTAÇÃO FORA DO LAR
BEZERRA RESTAURANTE,2016,ALIMENTAÇÃO FORA DO LAR
BEZERRA RESTAURANTE,2014,ALIMENTAÇÃO FORA DO LAR
BIB'S PIZZARIA ,2024,ALIMENTAÇÃO FORA DO LAR
BIG MANIA,2019,ALIMENTAÇÃO FORA DO LAR
BIG MANIA,2017,ALIMENTAÇÃO FORA DO LAR
BIG MANIA,2016,ALIMENTAÇÃO FORA DO LAR
BIG MANIA,2014,ALIMENTAÇÃO FORA DO LAR
BIG MANIA,2018,ALIMENTAÇÃO FORA DO LAR
BIG MANIA,2015,ALIMENTAÇÃO FORA DO LAR
BIGGA’S PIZZAS E SANDUÍCHES,2011 / 2012,ALIMENTAÇÃO FORA DO LAR
BIKE CENTER,2024,LOJAS DE VAREJO
BIKE SPORT,2024,LOJAS DE VAREJO
BIO ANALISES LABORATORIO CLINICO LTDA ,2024,SERVIÇOS LABORATORIAIS
BIOESTHETIC,2024,SERVIÇOS DE ESTÉTICA
BLU MEDITERRANEE,2024,ALIMENTAÇÃO FORA DO LAR
BLU MEDITERRANEE,2023,ALIMENTAÇÃO FORA DO LAR
BLUE DREAMS VIAGENS,2025,AGÊNCIA DE VIAGENS 
BN ASSESSORIA EMPRESARIAL AISIKI CX,2024,EMPRESA DE EVENTOS
BOBS BURGER,2025,ALIMENTAÇÃO FORA DO LAR
BOCCA FELICE,2025,ALIMENTAÇÃO FORA DO LAR
BOCCA FELICE,2023,ALIMENTAÇÃO FORA DO LAR
BOEMIA PUB MATRIZ,2024,ALIMENTAÇÃO FORA DO LAR
BOMBOM FESTAS – ESPAÇO GOURMET,2015,ALIMENTAÇÃO FORA DO LAR
BON APETTIT,2022,ALIMENTAÇÃO FORA DO LAR
BONAPARTE,2018,ALIMENTAÇÃO FORA DO LAR
BOOKAFÉ,2017,ALIMENTAÇÃO FORA DO LAR
BOTECO DO IMPRESA,2019,ALIMENTAÇÃO FORA DO LAR
BOTECO EMPÓRIO,2019,ALIMENTAÇÃO FORA DO LAR
BOTECO EMPÓRIO,2018,ALIMENTAÇÃO FORA DO LAR
BOTECO EMPÓRIO SERTÕES,2017,ALIMENTAÇÃO FORA DO LAR
BOULEVARD PHARMA,2024,SERVIÇOS DE SAÚDE
BOULEVARD POUSADA BOUTIQUE,2025,HOSPEDAGEM 
BOUTICÃO TRUCKSERVICE,2022,MANUTENÇÃO DE VEÍCULOS
BOUTIQUE RICARTE LTDA,2025,LOJAS DE VAREJO
BRAGATELLI RESTAURANTE,2019,ALIMENTAÇÃO FORA DO LAR
BRASAS LU CHURRASCARIA E PIZZARIA,2017,ALIMENTAÇÃO FORA DO LAR
BRASAS LU CHURRASCARIA E PIZZARIA,2016,ALIMENTAÇÃO FORA DO LAR
BRASAS LU CHURRASCARIA E PIZZARIA,2014,ALIMENTAÇÃO FORA DO LAR
BRASAS LU CHURRASCARIA E PIZZARIA,2018,ALIMENTAÇÃO FORA DO LAR
BRASAS LU CHURRASCARIA E PIZZARIA,2013,ALIMENTAÇÃO FORA DO LAR
BRASAS LU CHURRASCARIA E PIZZARIA,2015,ALIMENTAÇÃO FORA DO LAR
BREWSTONE PUB,2024,ALIMENTAÇÃO FORA DO LAR
BREWSTONE PUB,2023,ALIMENTAÇÃO FORA DO LAR
BRICK’S BURGER HOUSE,2017,ALIMENTAÇÃO FORA DO LAR
BRICK’S BURGER HOUSE,2016,ALIMENTAÇÃO FORA DO LAR
BRILHANTAO MATERIAL DE CONSTRUCAO LTDA,2025,LOJAS DE VAREJO
BRILHANTE EVENTOS,2023,EMPRESA DE EVENTOS
BRILHANTE EVENTOS,2022,EMPRESA DE EVENTOS
BUDEGA CARIRI,2019,ALIMENTAÇÃO FORA DO LAR
BUDEGA CARIRI,2018,ALIMENTAÇÃO FORA DO LAR
BUFFET DONA FLOR,2025,ALIMENTAÇÃO FORA DO LAR
BUFFET FAVO DE MEL,2019,EMPRESA DE EVENTOS
BUFFET FAVO DE MEL,2018,EMPRESA DE EVENTOS
BUFFET FAVO DE MEL,2017,ALIMENTAÇÃO FORA DO LAR
BUFFET FAVO DE MEL,2016,ALIMENTAÇÃO FORA DO LAR
BUFFET FAVO DE MEL,2015,ALIMENTAÇÃO FORA DO LAR
BURGER STREET 1130,2015,ALIMENTAÇÃO FORA DO LAR
BURGER STREET 1130,2014,ALIMENTAÇÃO FORA DO LAR
BUTECO PÉ DE SERRA,2016,ALIMENTAÇÃO FORA DO LAR
C SALES ARTIGOS OPTICOS LTDA,2025,LOJAS DE VAREJO
CABAÑA DEL PRIMO,2018,ALIMENTAÇÃO FORA DO LAR
CABAÑA DEL PRIMO,2014,ALIMENTAÇÃO FORA DO LAR
CABAÑA DEL PRIMO,2013,ALIMENTAÇÃO FORA DO LAR
CABAÑA DEL PRIMO,2017,ALIMENTAÇÃO FORA DO LAR
CABAÑA DEL PRIMO - ALDEOTA,2016,ALIMENTAÇÃO FORA DO LAR
CABAÑA DEL PRIMO,2022,ALIMENTAÇÃO FORA DO LAR
CABAÑA DEL PRIMO - JARDINS,2019,ALIMENTAÇÃO FORA DO LAR
CABAÑA DEL PRIMO,2023,ALIMENTAÇÃO FORA DO LAR
CABAÑA DEL PRIMO - JARDINS,2018,ALIMENTAÇÃO FORA DO LAR
CABAÑA DEL PRIMO - RIO MAR,2017,ALIMENTAÇÃO FORA DO LAR
CABAÑA DEL PRIMO,2016,ALIMENTAÇÃO FORA DO LAR
CABAÑA DEL PRIMO - RIO MAR,2019,ALIMENTAÇÃO FORA DO LAR
CABAÑA DEL PRIMO - RIO MAR,2025,ALIMENTAÇÃO FORA DO LAR
CABAÑA DEL PRIMO - RIO MAR,2023,ALIMENTAÇÃO FORA DO LAR
CABAÑA DEL PRIMO - RIO MAR,2022,ALIMENTAÇÃO FORA DO LAR
CABAÑA DEL PRIMO,2015,ALIMENTAÇÃO FORA DO LAR
CABAÑA DEL PRIMO,2009 / 2010,ALIMENTAÇÃO FORA DO LAR
CABAÑA DEL PRIMO,2011 / 2012,ALIMENTAÇÃO FORA DO LAR
CABANA EUSÉBIO,2023,ALIMENTAÇÃO FORA DO LAR
CABANA RESTAURANTE E PIZZARIA LTDA.,2024,ALIMENTAÇÃO FORA DO LAR
CABANAS DA SERRA,2017,HOSPEDAGEM
CABANAS DA SERRA,2016,HOSPEDAGEM
CACHOEIRAS DO PINGA,2024,ALIMENTAÇÃO FORA DO LAR
CAFÉ COM ROSAS,2024,ALIMENTAÇÃO FORA DO LAR
CAFÉ COM ROSAS,2023,ALIMENTAÇÃO FORA DO LAR
CAFÉ COM ROSAS,2019,ALIMENTAÇÃO FORA DO LAR
CAFÉ COM ROSAS,2018,ALIMENTAÇÃO FORA DO LAR
CAFÉ COM ROSAS,2017,ALIMENTAÇÃO FORA DO LAR
CAFÉ COM ROSAS,2016,ALIMENTAÇÃO FORA DO LAR
CAFÉ COM ROSAS,2015,ALIMENTAÇÃO FORA DO LAR
CAFÉ COM ROSAS,2014,ALIMENTAÇÃO FORA DO LAR
CAFÉ'S SERTÃO,2019,ALIMENTAÇÃO FORA DO LAR
CAFETERIA À SINHAZINHA,2014,ALIMENTAÇÃO FORA DO LAR
CAFETERIA À SINHAZINHA,2017,ALIMENTAÇÃO FORA DO LAR
CAFETERIA À SINHAZINHA,2016,ALIMENTAÇÃO FORA DO LAR
CAFETERIA À SINHAZINHA,2015,ALIMENTAÇÃO FORA DO LAR
CAFETERIA À SINHAZINHA,2011 / 2012,ALIMENTAÇÃO FORA DO LAR
CAFETERIA À SINHAZINHA,2009 / 2010,ALIMENTAÇÃO FORA DO LAR
CAFETERIA À SINHAZINHA,2013,ALIMENTAÇÃO FORA DO LAR
CAFETERIA E RESTAURANTE MIRANTE,2024,ALIMENTAÇÃO FORA DO LAR
CAFETERIA SANTA CLARA,2017,ALIMENTAÇÃO FORA DO LAR
CAFETERIA SANTA CLARA - QUIOSQUE 1,2017,ALIMENTAÇÃO FORA DO LAR
CAFETERIA SANTA CLARA - QUIOSQUE 1,2016,ALIMENTAÇÃO FORA DO LAR
CAFETERIA SANTA CLARA - QUIOSQUE 2,2017,ALIMENTAÇÃO FORA DO LAR
CAFETERIA SANTA CLARA - QUIOSQUE 2,2016,ALIMENTAÇÃO FORA DO LAR
CAFETERIA SANTA CLARA - QUIOSQUE 3,2016,ALIMENTAÇÃO FORA DO LAR
CAIXA DE EVENTO,2024,EMPRESA DE EVENTOS
CAIXA DE EVENTO,2023,EMPRESA DE EVENTOS
CAIXA DE EVENTO,2022,EMPRESA DE EVENTOS
CAMARÃO E CIA,2018,ALIMENTAÇÃO FORA DO LAR
CAMARÃO E CIA,2016,ALIMENTAÇÃO FORA DO LAR
CANGACO BAR LTDA,2025,ALIMENTAÇÃO FORA DO LAR
CANTINA DO JONAS,2017,ALIMENTAÇÃO FORA DO LAR
CANTINA DO JONAS,2016,ALIMENTAÇÃO FORA DO LAR
CANTINHO DA SARDENHA,2024,ALIMENTAÇÃO FORA DO LAR
CANTINHO DA SARDENHA,2023,ALIMENTAÇÃO FORA DO LAR
CANTINHO DA SARDENHA,2022,ALIMENTAÇÃO FORA DO LAR
CANTINHO DO FRANGO,2022,ALIMENTAÇÃO FORA DO LAR
CANTINHO DO FRANGO,2019,ALIMENTAÇÃO FORA DO LAR
CANTINHO DO FRANGO,2018,ALIMENTAÇÃO FORA DO LAR
CANTINHO DO FRANGO,2017,ALIMENTAÇÃO FORA DO LAR
CANTINHO DO FRANGO,2016,ALIMENTAÇÃO FORA DO LAR
CANTINHO DO FRANGO,2015,ALIMENTAÇÃO FORA DO LAR
CANTINHO DO FRANGO,2014,ALIMENTAÇÃO FORA DO LAR
CANTINHO DO FRANGO,2024,ALIMENTAÇÃO FORA DO LAR
CANTINHO DO FRANGO,2023,ALIMENTAÇÃO FORA DO LAR
CANTINHO DO FRANGO - SUL,2019,ALIMENTAÇÃO FORA DO LAR
CANTINHO DO FRANGO BARBEARIA,2023,SERVIÇOS DE ESTÉTICA
CANTOCHÃO ECOPARK,2023,ALIMENTAÇÃO FORA DO LAR
CAR POINT,2025,MANUTENÇÃO DE VEÍCULOS
CARAÚBA BEACH ,2024,ALIMENTAÇÃO FORA DO LAR
CARMEL - EXPRESS HOTEL,2017,HOSPEDAGEM
CARMEL - EXPRESS HOTEL,2016,HOSPEDAGEM
CARMEL - EXPRESS HOTEL,2015,HOSPEDAGEM
CARMEL - EXPRESS HOTEL,2014,HOSPEDAGEM
CARMEL - MAGNA PRAIA HOTEL,2018,HOSPEDAGEM
CARMEL - MAGNA PRAIA HOTEL,2019,HOSPEDAGEM 
CARMEL - MAGNA PRAIA HOTEL,2017,HOSPEDAGEM
CARMEL - MAGNA PRAIA HOTEL,2016,HOSPEDAGEM
CARMEL - MAGNA PRAIA HOTEL,2015,HOSPEDAGEM
CARNEIRO DO DINIZ,2022,ALIMENTAÇÃO FORA DO LAR
CARNEIRO DO DINIZ,2019,ALIMENTAÇÃO FORA DO LAR
CAROL CHOCOLATES,2024,EMPRESA DE EVENTOS
CAROLINE LAVOR HARMONIZAÇÃO OROFACIAL,2025,SERVIÇOS DE SAÚDE
CAROLINE LAVOR HARMONIZAÇÃO OROFACIAL,2023,SERVIÇOS DE SAÚDE
CARONA4X4 - TURISMO DE AVENTURA,2024,AGÊNCIA DE VIAGENS 
CARONA4X4 - TURISMO DE AVENTURA,2023,AGÊNCIA DE VIAGENS 
CARRANCA ORANGE,2022,ACADEMIA
CARVALHO DANTAS ALIMENTOS LTDA,2024,ALIMENTAÇÃO FORA DO LAR
CASA BEA RESTAURANTE,2023,ALIMENTAÇÃO FORA DO LAR
CASA DA VILLA POUSADA,2015,HOSPEDAGEM
CASA DAS MASSAS,2024,ALIMENTAÇÃO FORA DO LAR
CASA DAS MASSAS,2023,ALIMENTAÇÃO FORA DO LAR
CASA DAS REDES,2024,LOJAS DE VAREJO
CASA DE ENGENHO,2025,ALIMENTAÇÃO FORA DO LAR
CASA DO BECCO,2016,ALIMENTAÇÃO FORA DO LAR
CASA DO CARNEIRO,2018,ALIMENTAÇÃO FORA DO LAR
CASA DO FEIJAO VERDE,2025,ALIMENTAÇÃO FORA DO LAR
CASA DO FRANGO - 1,2016,ALIMENTAÇÃO FORA DO LAR
CASA DO FRANGO - 2,2016,ALIMENTAÇÃO FORA DO LAR
CASA DO FRANGO SUSHIBAR,2015,ALIMENTAÇÃO FORA DO LAR
CASA DO FRANGO SUSHIBAR SUL,2015,ALIMENTAÇÃO FORA DO LAR
CASA DO FRANGO SUSHIBAR SUL,2014,ALIMENTAÇÃO FORA DO LAR
CASA MALU,2024,ALIMENTAÇÃO FORA DO LAR
CASAVEG,2024,ALIMENTAÇÃO FORA DO LAR
CASULO SERVICOS DE APOIO ADMINISTRATIVO LTDA,2025,COWORKING
CEDROS HOTEL DE SERRA,2011 / 2012,HOSPEDAGEM
CEDROS HOTEL DE SERRA,2009 / 2010,HOSPEDAGEM
CEDROS HOTEL DE SERRA,2022,HOSPEDAGEM
CELIA BEZERRA BEM-CASADOS,2022,ALIMENTAÇÃO FORA DO LAR
CELIA BEZERRA BEM-CASADOS,2023,ALIMENTAÇÃO FORA DO LAR
CENÁRIO IDEAL HOSPEDAGEM ,2022,HOSPEDAGEM
CENTRAL GOURMET,2018,ALIMENTAÇÃO FORA DO LAR
CENTRAL GOURMET,2019,ALIMENTAÇÃO FORA DO LAR
CENTRO DE BELEZA PINHEIRO'S LTDA,2024,SERVIÇOS DE ESTÉTICA
CENTRO DE BELEZA PINHEIRO'S LTDA,2022,SERVIRÇOS DE ESTÉTICA
CENTRO DE DIABETES RITA MARIA ARRAIS,2025,SERVIÇOS DE SAÚDE
CENTRO DE ESTUDOS DE SOBRAL,2024,COWORKING
CENTRO DE SAUDE ODONTOLOGICA DR MAGELA JR LTDA,2025,SERVIÇOS DE SAÚDE
CENTRO DE SAUDE ODONTOLOGICA DR MAGELA JR LTDA,2024,SERVIÇOS DE SAÚDE
CENTRO DIOCESANO DE PASTORAL,2014,HOSPEDAGEM
CENTRO MEDICO CORY,2025,SERVIÇOS DE SAÚDE
"CENTRO MULTIDISCIPLINAR EM SAUDE, ASSESSORIA EDUCACIONAL & BRINQUEDOS LTDA",2025,SERVIÇOS DE SAÚDE
CHALÉ CASA GRANDE,2025,HOSPEDAGEM 
CHALÉ NOSSO SITIO,2022,HOSPEDAGEM
CHALÉ NOSSO SÍTIO,2024,HOSPEDAGEM 
CHALÉ NOSSO SÍTIO,2023,HOSPEDAGEM
CHALÉ NOSSO SÍTIO,2015,HOSPEDAGEM
CHALÉS BAYERN ,2024,HOSPEDAGEM 
CHALÉS ENCONTRO DAS BRISAS,2016,HOSPEDAGEM
CHALÉS ENCONTRO DAS BRISAS,2015,HOSPEDAGEM
HOTEL JANGADAS,2013,HOSPEDAGEM
HOTEL JANGADAS,2021,HOSPEDAGEM
CHANGE INTERCÂMBIO E TURISMO,2024,AGÊNCIA DE VIAGENS 
CHANGE INTERCÂMBIO E TURISMO,2023,AGÊNCIA DE VIAGENS 
CHEGA MAIS BEACH BARRACA E RESTAURANTE,2015,ALIMENTAÇÃO FORA DO LAR
CHEGA MAIS BEACH BARRACA E RESTAURANTE,2024,ALIMENTAÇÃO FORA DO LAR
CHEGA MAIS BEACH BARRACA E RESTAURANTE,2022,ALIMENTAÇÃO FORA DO LAR
CHEGA MAIS BEACH BARRACA E RESTAURANTE,2019,ALIMENTAÇÃO FORA DO LAR
CHEGA MAIS BEACH BARRACA E RESTAURANTE,2018,ALIMENTAÇÃO FORA DO LAR
CHICO DO CARANGUEJO CUMBUCO,2019,ALIMENTAÇÃO FORA DO LAR
CHOCOBERRY,2017,ALIMENTAÇÃO FORA DO LAR
CHOCOBERRY,2016,ALIMENTAÇÃO FORA DO LAR
CHOCOBERRY,2015,ALIMENTAÇÃO FORA DO LAR
CHROMOS DIAGNÓSICO POR IMAGEM,2022,SERVIÇOS DE SAUDE
CHURRASCARIA BELA BRASA,2015,ALIMENTAÇÃO FORA DO LAR
CHURRASCARIA E PIZZARIA PICANHA DO JONAS,2009 / 2010,ALIMENTAÇÃO FORA DO LAR
CHURRASCARIA E PIZZARIA PICANHA DO JONAS,2024,ALIMENTAÇÃO FORA DO LAR
CHURRASCARIA E PIZZARIA PICANHA DO JONAS,2011 / 2012,ALIMENTAÇÃO FORA DO LAR
CHURRASCARIA E PIZZARIA PICANHA DO JONAS - 1,2016,ALIMENTAÇÃO FORA DO LAR
CHURRASCARIA E PIZZARIA PICANHA DO JONAS - 2,2016,ALIMENTAÇÃO FORA DO LAR
CHURRASCARIA E PIZZARIA PICANHA DO JONAS,2017,ALIMENTAÇÃO FORA DO LAR
CHURRASCARIA E PIZZARIA PICANHA DO JONAS - FÁTIMA,2015,ALIMENTAÇÃO FORA DO LAR
CHURRASCARIA E PIZZARIA PICANHA DO JONAS - FÁTIMA,2014,ALIMENTAÇÃO FORA DO LAR
CHURRASCARIA E PIZZARIA PICANHA DO JONAS,2015,ALIMENTAÇÃO FORA DO LAR
CHURRASCARIA E PIZZARIA PICANHA DO JONAS,2014,ALIMENTAÇÃO FORA DO LAR
CHURRASCARIA E PIZZARIA PICANHA DO JONAS,2013,ALIMENTAÇÃO FORA DO LAR
CHURRASCARIA E PIZZARIA PICANHA DO JONAS,2019,ALIMENTAÇÃO FORA DO LAR
CHURRASCARIA E PIZZARIA PICANHA DO JONAS,2023,ALIMENTAÇÃO FORA DO LAR
CHURRASCARIA E PIZZARIA PICANHA DO JONAS,2018,ALIMENTAÇÃO FORA DO LAR
CHURRASCARIA E PIZZARIA PICANHA DO JONAS – FÁTIMA,2017,ALIMENTAÇÃO FORA DO LAR
CHURRASCARIA E PIZZARIA PICANHA DO JONAS – FÁTIMA,2013,ALIMENTAÇÃO FORA DO LAR
CHURRASCARIA E PIZZARIA PICANHA DO JONAS – FÁTIMA,2024,ALIMENTAÇÃO FORA DO LAR
CHURRASCARIA E PIZZARIA PICANHA DO JONAS – FÁTIMA,2023,ALIMENTAÇÃO FORA DO LAR
CHURRASCARIA E PIZZARIA PICANHA DO JONAS – FÁTIMA,2019,ALIMENTAÇÃO FORA DO LAR
CHURRASCARIA E PIZZARIA PICANHA DO JONAS – FÁTIMA,2018,ALIMENTAÇÃO FORA DO LAR
CHURRASCARIA E PIZZARIA PICANHA DO JONAS – MONTESE,2024,ALIMENTAÇÃO FORA DO LAR
CHURRASCARIA E PIZZARIA PICANHA DO JONAS – MONTESE,2023,ALIMENTAÇÃO FORA DO LAR
CHURRASCARIA E PIZZARIA TEMPERO CASEIRO,2024,ALIMENTAÇÃO FORA DO LAR
CHURRASCARIA E PIZZARIA TEMPERO CASEIRO,2022,ALIMENTAÇÃO FORA DO LAR
CHURRASCARIA ELLEN,2019,ALIMENTAÇÃO FORA DO LAR
CHURRASCARIA ELLEN,2018,ALIMENTAÇÃO FORA DO LAR
CHURRASCARIA MÃO DE VACA,2024,ALIMENTAÇÃO FORA DO LAR
CHURRASCARIA MÃO DE VACA,2023,ALIMENTAÇÃO FORA DO LAR
CHURRASCARIA MÃO DE VACA,2019,ALIMENTAÇÃO FORA DO LAR
CHURRASCARIA MÃO DE VACA,2018,ALIMENTAÇÃO FORA DO LAR
CHURRASCARIA MÃO DE VACA,2017,ALIMENTAÇÃO FORA DO LAR
CHURRASCARIA PARQUE RODEIO,2018,ALIMENTAÇÃO FORA DO LAR
CHURRASCARIA PARQUE RODEIO,2017,ALIMENTAÇÃO FORA DO LAR
CHURRASCARIA PARQUE RODEIO,2013,ALIMENTAÇÃO FORA DO LAR
CHURRASCARIA PESSOA,2019,ALIMENTAÇÃO FORA DO LAR
CHURRASCARIA PESSOA,2018,ALIMENTAÇÃO FORA DO LAR
CHURRASCARIA PITOMBEIRA,2019,ALIMENTAÇÃO FORA DO LAR
CHURRASCARIA PITOMBEIRA,2017,ALIMENTAÇÃO FORA DO LAR
CHURRASCARIA PITOMBEIRA,2016,ALIMENTAÇÃO FORA DO LAR
CHURRASCARIA PITOMBEIRA,2015,ALIMENTAÇÃO FORA DO LAR
CHURRASCARIA PITOMBEIRA,2014,ALIMENTAÇÃO FORA DO LAR
CHURRASCARIA PITOMBEIRA,2013,ALIMENTAÇÃO FORA DO LAR
CHURRASCARIA PITOMBEIRA,2011 / 2012,ALIMENTAÇÃO FORA DO LAR
CHURRASCARIA PITOMBEIRA,2009 / 2010,ALIMENTAÇÃO FORA DO LAR
CHURRASCARIA TEMPERO CASEIRO,2023,ALIMENTAÇÃO FORA DO LAR
CHURRASCARIA TEMPERO GRILL,2025,ALIMENTAÇÃO FORA DO LAR
CHURRASCARIA TEMPERO GRILL,2023,ALIMENTAÇÃO FORA DO LAR
CHURRASCARIA TEMPERO GRILL,2022,ALIMENTAÇÃO FORA DO LAR
CHURRASCARIA TOUROS GRILL,2016,ALIMENTAÇÃO FORA DO LAR
CHURRASCARIA YPIRANGA,2017,ALIMENTAÇÃO FORA DO LAR
CHURRASCARIA YPIRANGA,2016,ALIMENTAÇÃO FORA DO LAR
CHURRASCOS E GRELHADOS COMERCIO DE ALIMENTOS LTDA,2024,ALIMENTAÇÃO FORA DO LAR
CICATRIZYMED,2024,SERVIÇOS DE SAÚDE
CÍCEROS BAR,2014,ALIMENTAÇÃO FORA DO LAR
CITOLAB,2025,SERVIÇOS LABORATORIAIS
CLEANE ESTHETICS CENTER,2024,SERVIÇOS DE ESTÉTICA
CLIMEV - CLINICA MÉDICA DE VARJOTA LTDA,2024,SERVIÇOS DE SAÚDE
CLIMEV - CLINICA MÉDICA DE VARJOTA LTDA,2023,SERVIÇOS DE SAÚDE
CLINI LAB POPULAR,2025,SERVIÇOS DE SAÚDE
CLÍNICA BIOESTHETIC,2023,SERVIÇOS DE ESTÉTICA
CLINICA BOSS - MEDICINA E IMUNIZAÇÃO,2024,SERVIÇOS DE SAÚDE
CLINICA BOSS - MEDICINA E IMUNIZAÇÃO,2023,SERVIÇOS DE SAÚDE
CLINICA BOSS - MEDICINA E IMUNIZAÇÃO,2022,SERVIÇOS DE SAUDE
CLÍNICA CÂNDIDO TORRES,2023,SERVIÇOS DE SAÚDE
CLINICA CEMI,2025,SERVIÇOS DE SAÚDE
CLÍNICA CLIZA,2023,SERVIÇOS DE SAÚDE
CLÍNICA DE ESPECIALIDADES MEDICAS DRA GESSICA MONIQUE LTDA,2024,SERVIÇOS DE SAÚDE
CLINICA DE ESTETICA - ANA FLOR,2023,SERVIÇOS DE ESTÉTICA
CLÍNICA DE IMAGEM SOBRAL,2022,SERVIÇOS DE SAUDE
CLÍNICA DE IMAGEM SOBRAL,2024,SERVIÇOS DE SAÚDE
CLÍNICA DE OLHOS JAGUARIBE,2023,SERVIÇOS DE SAÚDE
CLINICA DO CORAÇÃO DE SOBRAL,2024,SERVIÇOS DE SAÚDE
CLINICA DO CORAÇÃO DE SOBRAL,2023,SERVIÇOS DE SAÚDE
CLINICA DO JOELHO,2024,SERVIÇOS DE SAÚDE
CLINICA DR JOSE NILSON - UNIDADE SÃO LUCAS,2024,SERVIÇOS DE SAÚDE
CLINICA DR. GUSTAVO NOGUEIRA,2024,SERVIÇOS DE SAÚDE
CLINICA DR. GUSTAVO NOGUEIRA,2023,SERVIÇOS DE SAÚDE
CLÍNICA DR. JOSÉ NILSON,2024,SERVIÇOS DE SAÚDE
CLÍNICA DR. RAFAEL,2025,SERVIÇOS DE SAÚDE
CLÍNICA DR. RAFAEL,2024,SERVIÇOS DE SAÚDE
CLÍNICA DR. RAFAEL,2023,SERVIÇOS DE SAÚDE
CLÍNICA DRA. MANOHELEN MELO,2025,SERVIÇOS DE SAÚDE
CLÍNICA DRA. MICHELLE PONTE MADEIRA,2025,SERVIÇOS DE SAÚDE
CLÍNICA DRA. SAMARA BONFIM,2025,SERVIÇOS DE SAÚDE
CLINICA EQUILIBRIUM,2024,SERVIÇOS DE SAÚDE
CLINICA INSTITUTO LANDIM CORREIA,2024,SERVIÇOS DE SAÚDE
"CLINICA JEANE BATALHA - ESTETICA, SAUDE & BEM- ESTAR",2025,SERVIÇOS DE SAÚDE
CLÍNICA JÚLIA ALVES ,2024,SERVIÇOS DE SAÚDE
CLINICA LACME,2023,SERVIÇOS DE SAÚDE
CLINICA MARCELO PIERRE DE BRITO LTDA,2024,SERVIÇOS DE SAÚDE
CLINICA MEDICA CUIDAR,2024,SERVIÇOS DE SAÚDE
CLINICA MEDICA DR FABIO MACHADO,2023,SERVIÇOS DE SAÚDE
CLINICA MÉDICA DR. FÁBIO MACHADO,2024,SERVIÇOS DE SAÚDE
CLÍNICA MÉDICA DR. FÁBIO MACHADO,2022,SERVIÇOS DE SAUDE
CLINICA ODONTOLOGICA DRA LYNDANARA,2025,SERVIÇOS DE SAÚDE
CLINICA ODONTOLOGICA ESPACO SAUDE ROSARIO LTDA,2024,SERVIÇOS DE SAÚDE
CLÍNICA OFTALMOLÓGICA SANTA LUZIA,2024,SERVIÇOS DE SAÚDE
CLÍNICA PRÓ-VIDA E SAÚDE ESPAÇO ESTÉTICA,2023,SERVIÇOS DE SAÚDE
CLINICA RIZZO VIÇOSA,2024,SERVIÇOS DE SAÚDE
CLINICA SÃO BERNARDO,2025,SERVIÇOS DE SAÚDE
CLINICA SÃO BERNARDO,2024,SERVIÇOS DE SAÚDE
CLINICA SÃO BERNARDO,2023,SERVIÇOS DE SAÚDE
CLINICA TESAI,2025,SERVIÇOS DE SAÚDE
CLINICA TESAI,2024,SERVIÇOS DE SAÚDE
CLÍNICA ÚNICA DE SAÚDE LTDA,2023,SERVIÇOS DE SAÚDE
CLINICA VIVER SAUDE,2024,SERVIÇOS DE SAÚDE
CLUB DA PIZZA & ESFIRRA,2019,ALIMENTAÇÃO FORA DO LAR
CLUBE TURISMO WASHINGTON SOARES LTDA,2023,AGÊNCIA DE VIAGENS 
CLUBVENTOS,2019,ALIMENTAÇÃO FORA DO LAR
CLUBVENTOS,2015,ALIMENTAÇÃO FORA DO LAR
CLUBVENTOS,2013,ALIMENTAÇÃO FORA DO LAR
CLUBVENTOS,2011 / 2012,ALIMENTAÇÃO FORA DO LAR
CLUBVENTOS,2009 / 2010,ALIMENTAÇÃO FORA DO LAR
CLUBVENTOS,2018,HOSPEDAGEM
CLUBVENTOS,2014,HOSPEDAGEM
COFFEE BREAK,2024,ALIMENTAÇÃO FORA DO LAR
COIFE ODONTO ITAPIPOCA,2024,SERVIÇOS DE SAÚDE
COISAS DA LEIA AÇAÍ ARTE CAFÉ,2025,ALIMENTAÇÃO FORA DO LAR
COLISEUM BEACH HOTEL,2024,HOSPEDAGEM 
COLISEUM BEACH HOTEL,2023,HOSPEDAGEM
COLISEUM BEACH HOTEL,2022,HOSPEDAGEM
COLISEUM BEACH HOTEL,2019,HOSPEDAGEM 
COLISEUM BEACH HOTEL,2015,HOSPEDAGEM
COLISEUM BEACH HOTEL,2018,HOSPEDAGEM
COLISEUM BEACH HOTEL,2017,HOSPEDAGEM
COLISEUM BEACH HOTEL,2016,HOSPEDAGEM
COLISEUM BEACH HOTEL,2014,HOSPEDAGEM
COLISEUM BEACH HOTEL,2011 / 2012,HOSPEDAGEM
COLISEUM BEACH HOTEL,2009 / 2010,HOSPEDAGEM
COLLINA BEACH,2024,HOSPEDAGEM 
COLLINA BEACH,2023,ALIMENTAÇÃO FORA DO LAR
COLLYER & CAVALCANTE LTDA - AÇAÍ ORIGINAL,2023,ALIMENTAÇÃO FORA DO LAR
COMERCIAL DE GAS OH LTDA,2024,LOJAS DE VAREJO
COMFORT HOTEL,2017,HOSPEDAGEM
COMFORT HOTEL,2016,HOSPEDAGEM
COMFORT HOTEL,2015,HOSPEDAGEM
COMPLEX ACADEMIA DE MUSCULACAO CENTRO POLIESPORTIVO E DE BEM ESTAR LTDA,2021,ACADEMIA
COMPLEXO DE SAUDE PRONTOMED,2025,SERVIÇOS DE SAÚDE
COMPLEXO MA,2024,SERVIÇOS DE SAÚDE
COMPLEXO MA,2023,SERVIÇOS DE SAÚDE
COMPLEXO MA,2022,SERVIÇOS DE SAUDE
COMPLEXO METABOLIC,2024,SERVIÇOS DE SAÚDE
COMPLEXO METABOLIC,2022,SERVIÇOS DE SAUDE
COMPLEXO METABOLIC,2023,SERVIÇOS DE SAÚDE
COMPLEXO TRADIÇÃO,2015,ALIMENTAÇÃO FORA DO LAR
CONEXÃO SAÚDE - ALIMENTAÇÃO SAUDÁVEL,2023,ALIMENTAÇÃO FORA DO LAR
CONEXÃO SAÚDE - ALIMENTAÇÃO SAUDÁVEL,2022,ALIMENTAÇÃO FORA DO LAR
CONFRARIA DE GUARAMIRANGA,2016,ALIMENTAÇÃO FORA DO LAR
CONFRARIA DE GUARAMIRANGA,2015,ALIMENTAÇÃO FORA DO LAR
CONIMAKI,2019,ALIMENTAÇÃO FORA DO LAR
CONIMAKI,2018,ALIMENTAÇÃO FORA DO LAR
CONIMAKI,2017,ALIMENTAÇÃO FORA DO LAR
CONIMAKI,2016,ALIMENTAÇÃO FORA DO LAR
CONIMAKI,2015,ALIMENTAÇÃO FORA DO LAR
CONSULTÓRIO CLÁUDIA GALDINO,2022,SERVIÇOS DE SAUDE
CONSULTÓRIO KALINNE RIBEIRO,2025,SERVIÇOS DE SAÚDE
CONSULTÓRIO MARIA CLÁUDIA GALDINO ARAÚJO LIMA,2023,SERVIÇOS DE SAÚDE
CONTRASTES RESTAURANTE ,2024,ALIMENTAÇÃO FORA DO LAR
CONVENIÊNCIA DUARTE,2023,ALIMENTAÇÃO FORA DO LAR
COPPA BAR,2016,ALIMENTAÇÃO FORA DO LAR
COPPA BAR,2015,ALIMENTAÇÃO FORA DO LAR
COWORKING ALDEOTA,2025,COWORKING
CRAVO E CANELA CAFÉ,2024,ALIMENTAÇÃO FORA DO LAR
CRAVO E CANELA CAFÉ,2023,ALIMENTAÇÃO FORA DO LAR
CRAVO E CANELA CAFÉ,2022,ALIMENTAÇÃO FORA DO LAR
CREPITOS CREPERIA LTDA,2024,ALIMENTAÇÃO FORA DO LAR
CREPITOS CREPERIA LTDA,2023,ALIMENTAÇÃO FORA DO LAR
CSI LOCSERVICE LOCAÇÕES DE EQUIPAMENTO,2022,EMPRESA DE EVENTOS
CSI LOCSERVICE LOCAÇÕES DE EQUIPAMENTO,2019,EMPRESA DE EVENTOS
CSI LOCSERVICE LOCAÇÕES DE EQUIPAMENTO,2024,EMPRESA DE EVENTOS
CSI LOCSERVICE LOCAÇÕES DE EQUIPAMENTO,2023,EMPRESA DE EVENTOS
CUIDA COWORKING,2024,COWORKING
CUPIM NA BRASA,2022,ALIMENTAÇÃO FORA DO LAR
DAMARI TORTAS E CHOCOLATES FINOS,2017,ALIMENTAÇÃO FORA DO LAR
DAN COOKIES,2024,ALIMENTAÇÃO FORA DO LAR
DAYO POUSADA LTDA,2024,HOSPEDAGEM 
DE LA GRILL SELF SERVICE,2015,ALIMENTAÇÃO FORA DO LAR
DE PRAIA BRASIL,2018,HOSPEDAGEM
DELÍCIA.COM,2023,ALIMENTAÇÃO FORA DO LAR
DELÍCIAS DAS JANGADAS,2013,ALIMENTAÇÃO FORA DO LAR
DELÍCIAS DAS JANGADAS,2024,ALIMENTAÇÃO FORA DO LAR
DELÍCIAS DAS JANGADAS,2014,ALIMENTAÇÃO FORA DO LAR
DELÍCIAS DAS JANGADAS,2009 / 2010,ALIMENTAÇÃO FORA DO LAR
DELÍCIAS DAS JANGADAS,2022,ALIMENTAÇÃO FORA DO LAR
DELÍCIAS DAS JANGADAS,2018,ALIMENTAÇÃO FORA DO LAR
DELÍCIAS DAS JANGADAS I,2017,ALIMENTAÇÃO FORA DO LAR
DELÍCIAS DAS JANGADAS I,2016,ALIMENTAÇÃO FORA DO LAR
DELÍCIAS DAS JANGADAS II,2017,ALIMENTAÇÃO FORA DO LAR
DELÍCIAS DAS JANGADAS II,2016,ALIMENTAÇÃO FORA DO LAR
DELÍCIAS DO TRIGO,2019,ALIMENTAÇÃO FORA DO LAR
DELÍCIAS DO TRIGO,2018,ALIMENTAÇÃO FORA DO LAR
DELÍCIAS DO TRIGO,2016,ALIMENTAÇÃO FORA DO LAR
DELICIE UBAJARA CAFETERIA,2025,ALIMENTAÇÃO FORA DO LAR
DELICIE UBAJARA CAFETERIA,2024,ALIMENTAÇÃO FORA DO LAR
DELLA GRILL,2018,ALIMENTAÇÃO FORA DO LAR
DELTA’S TABAJARA FLAT,2015,HOSPEDAGEM
DELTA’S TABAJARA FLAT,2014,HOSPEDAGEM
DIAGNOSIS LABORATORIO E SERVICOS DE SAUDE,2025,SERVIÇOS LABORATORIAIS
DIAGNOSIS LABORATORIO E SERVICOS DE SAUDE,2025,SERVIÇOS LABORATORIAIS
DICAS GOURMET,2019,ALIMENTAÇÃO FORA DO LAR
DIOCESANO BISTRÔ,2018,ALIMENTAÇÃO FORA DO LAR
DIOCESANO BISTRÔ,2016,ALIMENTAÇÃO FORA DO LAR
DIOCESANO BISTRÔ,2014,ALIMENTAÇÃO FORA DO LAR
DIOCESANO BISTRÔ,2015,ALIMENTAÇÃO FORA DO LAR
DIOCESANO HOTEL,2018,HOSPEDAGEM
DIOCESANO HOTEL,2016,HOSPEDAGEM
DIOCESANO HOTEL,2015,HOSPEDAGEM
DIOGO PRAIA HOTEL,2013,HOSPEDAGEM
DIVINA COMIDA ALIMENTOS,2018,ALIMENTAÇÃO FORA DO LAR
DIVINA COMIDA RESTAURANTE E PIZZARIA,2019,ALIMENTAÇÃO FORA DO LAR
DIVINA COMIDA RESTAURANTE E PIZZARIA,2018,ALIMENTAÇÃO FORA DO LAR
DIVINA COMIDA RESTAURANTE E PIZZARIA,2022,ALIMENTAÇÃO FORA DO LAR
DIVINA COMIDA RESTAURANTE E PIZZARIA,2011 / 2012,ALIMENTAÇÃO FORA DO LAR
DIVINA COMIDA RESTAURANTE E PIZZARIA,2016,ALIMENTAÇÃO FORA DO LAR
DIVINA COMIDA RESTAURANTE E PIZZARIA,2015,ALIMENTAÇÃO FORA DO LAR
DIVINA COMIDA RESTAURANTE E PIZZARIA,2013,ALIMENTAÇÃO FORA DO LAR
DIVINA COMIDA RESTAURANTE E PIZZARIA - 2,2017,ALIMENTAÇÃO FORA DO LAR
DIVINA COMIDA RESTAURANTE E PIZZARIA - 2,2015,ALIMENTAÇÃO FORA DO LAR
DIVINA COMIDA RESTAURANTE E PIZZARIA,2014,ALIMENTAÇÃO FORA DO LAR
DIVINA COMIDA RESTAURANTE E PIZZARIA - 2,2016,ALIMENTAÇÃO FORA DO LAR
DIVINA COMIDA RESTAURANTE E PIZZARIA,2017,ALIMENTAÇÃO FORA DO LAR
DIVINA COMIDA RESTAURANTE E PIZZARIA,2023,ALIMENTAÇÃO FORA DO LAR
DIVINA COZINHA,2011 / 2012,ALIMENTAÇÃO FORA DO LAR
DIVINA COZINHA,2019,ALIMENTAÇÃO FORA DO LAR
DIVINA COZINHA - 2,2013,ALIMENTAÇÃO FORA DO LAR
DIVINO FOGÃO,2024,ALIMENTAÇÃO FORA DO LAR
DIVINO FOGÃO,2019,ALIMENTAÇÃO FORA DO LAR
DIVINUS PIZZA EXPRESS,2023,ALIMENTAÇÃO FORA DO LAR
DIVINUS PIZZA EXPRESS,2022,ALIMENTAÇÃO FORA DO LAR
DOCE CULTURA,2023,ALIMENTAÇÃO FORA DO LAR
DOCE CULTURA,2022,ALIMENTAÇÃO FORA DO LAR
DOCE CULTURA,2019,ALIMENTAÇÃO FORA DO LAR
DOCE CULTURA,2018,ALIMENTAÇÃO FORA DO LAR
DOCE CULTURA,2017,ALIMENTAÇÃO FORA DO LAR
DOCE CULTURA,2016,ALIMENTAÇÃO FORA DO LAR
DOCE CULTURA,2015,ALIMENTAÇÃO FORA DO LAR
DOCE CULTURA,2014,ALIMENTAÇÃO FORA DO LAR
DOCE CULTURA,2013,ALIMENTAÇÃO FORA DO LAR
DOCE CULTURA ,2024,ALIMENTAÇÃO FORA DO LAR
DOCE DELICIA CAFE CONFEITARIA,2025,ALIMENTAÇÃO FORA DO LAR
DOCE DELICIA CAFE CONFEITARIA,2024,ALIMENTAÇÃO FORA DO LAR
DOLCÈ VITA GUEST HOUSE ,2024,HOSPEDAGEM 
DOM CHURRASCO,2019,ALIMENTAÇÃO FORA DO LAR
DOM CHURRASCO,2018,ALIMENTAÇÃO FORA DO LAR
DOM CHURRASCO,2016,ALIMENTAÇÃO FORA DO LAR
DOM CHURRASCO,2015,ALIMENTAÇÃO FORA DO LAR
DOM CHURRASCO CHOPERIA,2016,ALIMENTAÇÃO FORA DO LAR
DOM LAZZIO PIZZARIA SOCIEDADE UNIPESSOAL LTDA,2024,ALIMENTAÇÃO FORA DO LAR
DOMINUM CRAFT BEER CERVEJARIA ARTESANAL,2022,ALIMENTAÇÃO FORA DO LAR
DONNIS PIZZA,2023,ALIMENTAÇÃO FORA DO LAR
DOR’S BURGER,2013,ALIMENTAÇÃO FORA DO LAR
DOR’S BURGER ALDEOTA,2014,ALIMENTAÇÃO FORA DO LAR
DOR’S BURGER DIONISIO TORRES,2014,ALIMENTAÇÃO FORA DO LAR
DRA CARLIANE FREITAS,2024,SERVIÇOS DE SAÚDE
DRA CINTIA ALVES E JAMES ANDERSON SERVICOS EM ODONTOLOGIA E SAUDE,2023,SERVIÇOS DE SAÚDE
DRA. CINTIA ALVES ODONTOLOGIA ,2022,SERVIÇOS DE SAUDE
DUOCERIMONIAL & EVENTOS ,2024,EMPRESA DE EVENTOS
DYSTAK,2024,LOJAS DE VAREJO
E+ ASSESSORIA EM EVENTOS,2022,EMPRESA DE EVENTOS
E+ ASSESSORIA EM EVENTOS,2019,EMPRESA DE EVENTOS
E+ ASSESSORIA EM EVENTOS,2024,EMPRESA DE EVENTOS
E+ ASSESSORIA EM EVENTOS,2023,EMPRESA DE EVENTOS
EC PORTÃO,2025,LOJAS DE VAREJO
ECOCAMPING LUMIAR,2024,HOSPEDAGEM 
ECOCAMPING LUMIAR,2023,HOSPEDAGEM
EJ CENTRO AUTOMOTIVO,2022,MANUTENÇÃO DE VEÍCULOS
EJ CENTRO AUTOMOTIVO,2023,MANUTENÇÃO DE VEÍCULOS
ELEPHANT COWORKING,2024,COWORKING
ELLO HOTEL,2023,HOSPEDAGEM
ELLO HOTEL,2022,HOSPEDAGEM
ELLO HOTEL,2019,HOSPEDAGEM 
ELLO HOTEL,2018,HOSPEDAGEM
ELLO HOTEL,2017,HOSPEDAGEM
ELLO HOTEL,2024,HOSPEDAGEM 
EMANUELE VASCONCELOS SILVA,2024,SERVIÇOS DE SAÚDE
EMBAIXADA DA CACHAÇA,2023,ALIMENTAÇÃO FORA DO LAR
EMÍDIO PIZZARIA E CHURRASCARIA,2019,ALIMENTAÇÃO FORA DO LAR
EMÍDIO PIZZARIA E CHURRASCARIA,2018,ALIMENTAÇÃO FORA DO LAR
EMPÓRIO CAFÉ,2016,ALIMENTAÇÃO FORA DO LAR
EMPORIO DO BOLO FABRICAÇÃO E COMÉRCIO DE ALIMENTOS LTDA,2023,ALIMENTAÇÃO FORA DO LAR
EMPORIO DO BOLO FABRICAÇÃO E COMÉRCIO DE ALIMENTOS LTDA,2022,ALIMENTAÇÃO FORA DO LAR
EMPORIO EM CASA,2024,ALIMENTAÇÃO FORA DO LAR
EMPORIO FRUTOS DO MAR E SUSHI,2024,ALIMENTAÇÃO FORA DO LAR
EMPORIO GIULIETTA - TARGINO COMÉRCIO DE ALIMENTOS LTDA,2023,ALIMENTAÇÃO FORA DO LAR
EMPÓRIO SAN JOSÉ,2024,ALIMENTAÇÃO FORA DO LAR
EMPÓRIO SAN JOSÉ,2023,ALIMENTAÇÃO FORA DO LAR
EMPÓRIO SERTÕES,2019,ALIMENTAÇÃO FORA DO LAR
EMPÓRIO SERTÕES,2018,ALIMENTAÇÃO FORA DO LAR
EMPÓRIO SERTÕES,2017,ALIMENTAÇÃO FORA DO LAR
EMPÓRIO SERTÕES,2016,ALIMENTAÇÃO FORA DO LAR
EMPÓRIO SERTÕES,2015,ALIMENTAÇÃO FORA DO LAR
EMPÓRIO SUSHI,2023,ALIMENTAÇÃO FORA DO LAR
EMPÓRIO TEXAS BAR,2023,ALIMENTAÇÃO FORA DO LAR
EMPREENDIMENTOS SUL,2022,HOSPEDAGEM
ENDOCLINIC,2024,SERVIÇOS DE SAÚDE
ENGENHO COMPLEXO TRADICAO LTDA,2025,ALIMENTAÇÃO FORA DO LAR
ENGENHOCA PARQUE,2022,EMPRESA DE EVENTOS
ENGENHOCA PARQUE,2024,EMPRESA DE EVENTOS
ENGENHOCA PARQUE,2023,EMPRESA DE EVENTOS
ENGENHOCA PARQUE,2019,ALIMENTAÇÃO FORA DO LAR
ENGENHOCA PARQUE,2018,ALIMENTAÇÃO FORA DO LAR
ENGENHOCA PARQUE,2017,ALIMENTAÇÃO FORA DO LAR
ESPACO BELISSIMA,2024,SERVIÇOS DE ESTÉTICA
ESPAÇO GOSTOSO,2019,ALIMENTAÇÃO FORA DO LAR
ESPAÇO MALVA CONFEITARIA,2023,ALIMENTAÇÃO FORA DO LAR
ESPAÇO NOVA ERA POUSADA,2017,HOSPEDAGEM
ESPETINHO DO TIO,2023,ALIMENTAÇÃO FORA DO LAR
ESPETINHO FAMÍLIA SIQUEIRA,2024,ALIMENTAÇÃO FORA DO LAR
ESPETO DO ALBERAS,2023,ALIMENTAÇÃO FORA DO LAR
CASA MALU,2019,ALIMENTAÇÃO FORA DO LAR
CASA MALU,2018,ALIMENTAÇÃO FORA DO LAR
ESTAÇÃO MULTI MARCAS,2023,MANUTENÇÃO DE VEÍCULOS
ESTAÇÃO MULTIMARCAS,2022,MANUTENÇÃO DE VEÍCULOS
ESTAÇÃO MULTIMARCAS,2024,MANUTENÇÃO DE VEÍCULOS
ESTÂNCIA MONTE HOREBE POUSADA E BISTRÔ,2024,ALIMENTAÇÃO FORA DO LAR
ESTÂNCIA MONTE HOREBE POUSADA E BISTRÔ,2022,ALIMENTAÇÃO FORA DO LAR
ESTÂNCIA MONTE HOREBE POUSADA E BISTRÔ,2023,ALIMENTAÇÃO FORA DO LAR
ETOS LABORATORIO DE ANALISES CLINICAS LTDA,2024,SERVIÇOS LABORATORIAIS
EVALDO AUTO PECAS (ANA CASTRO PARENTE),2021,MANUTENÇÃO DE VEÍCULOS
EVERYLIFE STUDIO PERSONAL,2024,ACADEMIA
EXPERIMENTE JERI ,2024,AGÊNCIA DE VIAGENS 
F3 PRODUÇÕES,2024,EMPRESA DE EVENTOS
F3 PRODUÇÕES,2023,EMPRESA DE EVENTOS
FARMACIA CUSTODIO,2025,LOJAS DE VAREJO
FARMACIA DO POVO,2025,LOJAS DE VAREJO
FARMÁCIA ETHICALL,2022,SERVIÇOS DE SAUDE
FARMÁCIA FERNANDES,2025,LOJAS DE VAREJO
FARMÁCIA FÓRMULA VERDE,2022,SERVIÇOS DE SAUDE
FARMÁCIA FORMULAR,2023,SERVIÇOS DE SAÚDE
FARMÁCIA JESUS,2024,LOJAS DE VAREJO
FARMACIA MAIS SAUDE MEDICAMENTOS LTDA,2025,LOJAS DE VAREJO
FARMACIA SEIVA,2025,LOJAS DE VAREJO
FAZENDA HOTEL PEDRA DOS VENTOS,2019,HOSPEDAGEM 
FAZENDA HOTEL PEDRA DOS VENTOS,2017,HOSPEDAGEM
FAZENDA HOTEL PEDRA DOS VENTOS,2016,HOSPEDAGEM
FAZENDA HOTEL PEDRA DOS VENTOS,2014,HOSPEDAGEM
FAZENDA SANTO EXPEDITO,2023,ALIMENTAÇÃO FORA DO LAR
FAZENDA SANTO EXPEDITO,2022,EMPRESA DE EVENTOS
FAZENDA SOSSEGO HOTEL,2018,HOSPEDAGEM
FEIJOADA DE POTE,2024,ALIMENTAÇÃO FORA DO LAR
FEIJOADA DE POTE,2023,ALIMENTAÇÃO FORA DO LAR
FENIX TOUR JERI,2024,AGÊNCIA DE VIAGENS 
FILÉ GOURMET RESTAURANTE E COMERCIO DE ALIMENTOS LTDA,2023,ALIMENTAÇÃO FORA DO LAR
FINO SABOR GOURMET,2024,ALIMENTAÇÃO FORA DO LAR
FINO SABOR GOURMET,2017,ALIMENTAÇÃO FORA DO LAR
FINO SABOR GOURMET,2016,ALIMENTAÇÃO FORA DO LAR
FINO SABOR GOURMET,2015,ALIMENTAÇÃO FORA DO LAR
FISIUS - ITC VERTEBRAL,2025,SERVIÇOS DE SAÚDE
FITNESS EXCLUSIVE ACADEMIA,2023,ACADEMIA
FLECHEIRAS POINT,2023,ALIMENTAÇÃO FORA DO LAR
FLECHEIRAS POINT ,2024,ALIMENTAÇÃO FORA DO LAR
FOGÃO RÚSTICO RESTAURANTE REGIONAL,2025,ALIMENTAÇÃO FORA DO LAR
FOGO CAMPEIRO CHURRASCARIA,2019,ALIMENTAÇÃO FORA DO LAR
FOR YOU RECEPTIVO,2023,AGÊNCIA DE VIAGENS 
FOR YOU RECEPTIVO,2024,AGÊNCIA DE VIAGENS 
FOR YOU RECEPTIVO,2022,AGÊNCIA DE VIAGENS
FORNERIA SANTO GRANO,2019,ALIMENTAÇÃO FORA DO LAR
FORNERIA SANTO GRANO,2018,ALIMENTAÇÃO FORA DO LAR
FORNERIA SANTO GRANO,2017,ALIMENTAÇÃO FORA DO LAR
FORNERIA SANTO GRANO,2016,ALIMENTAÇÃO FORA DO LAR
FORT EVENTOS ,2024,EMPRESA DE EVENTOS
FORTLINE TURISMO,2024,AGÊNCIA DE VIAGENS 
FRATELLY LA PASTA,2022,ALIMENTAÇÃO FORA DO LAR
FRIGIDEIRA DO JONNY,2018,ALIMENTAÇÃO FORA DO LAR
FRIGIDEIRA DO JONNY,2017,ALIMENTAÇÃO FORA DO LAR
FRIGIDEIRA DO JONNY,2016,ALIMENTAÇÃO FORA DO LAR
FRUTARIA FRUT MAIS,2025,LOJAS DE VAREJO
FUXIKO BEER,2024,ALIMENTAÇÃO FORA DO LAR
FUXIKO BEER,2023,ALIMENTAÇÃO FORA DO LAR
FUXIKO BEER,2022,ALIMENTAÇÃO FORA DO LAR
FUXIKO BEER,2019,ALIMENTAÇÃO FORA DO LAR
FUXIKO BEER,2017,ALIMENTAÇÃO FORA DO LAR
G S SOLUÇÕES AUTOMOTIVAS,2024,MANUTENÇÃO DE VEÍCULOS
G. L. F. ROCHA LTDA - STUDIO SLAVA,2023,ACADEMIA
GALETERIA PIZZARIA,2024,ALIMENTAÇÃO FORA DO LAR
GEANE BARRETO ESTETICA E EMAGRECIMENTO,2025,SERVIÇOS DE ESTÉTICA
GENESIS PARK,2024,ALIMENTAÇÃO FORA DO LAR
GENESIS PARK,2023,HOSPEDAGEM
GEPPOS RESTAURANTE - 1,2016,ALIMENTAÇÃO FORA DO LAR
GEPPOS RESTAURANTE - 2,2016,ALIMENTAÇÃO FORA DO LAR
GEPPOS RESTAURANTE,2017,ALIMENTAÇÃO FORA DO LAR
GEPPOS RESTAURANTE - MEIRELES,2017,ALIMENTAÇÃO FORA DO LAR
GEPPOS RESTAURANTE,2015,ALIMENTAÇÃO FORA DO LAR
GEPPOS RESTAURANTE,2014,ALIMENTAÇÃO FORA DO LAR
GEPPOS RESTAURANTE – BEIRA MAR,2019,ALIMENTAÇÃO FORA DO LAR
GEPPOS RESTAURANTE – BEIRA MAR,2018,ALIMENTAÇÃO FORA DO LAR
GEPPOS RESTAURANTE – BEIRA MAR,2015,ALIMENTAÇÃO FORA DO LAR
GEPPOS RESTAURANTE – BEIRA MAR,2013,ALIMENTAÇÃO FORA DO LAR
GEPPOS RESTAURANTE – BEIRA MAR,2011 / 2012,ALIMENTAÇÃO FORA DO LAR
GEPPOS RESTAURANTE – BEIRA MAR,2009 / 2010,ALIMENTAÇÃO FORA DO LAR
GEPPOS RESTAURANTE,2009 / 2010,ALIMENTAÇÃO FORA DO LAR
GEPPOS RESTAURANTE,2019,ALIMENTAÇÃO FORA DO LAR
GEPPOS RESTAURANTE,2018,ALIMENTAÇÃO FORA DO LAR
GEPPOS RESTAURANTE,2013,ALIMENTAÇÃO FORA DO LAR
GEPPOS RESTAURANTE,2011 / 2012,ALIMENTAÇÃO FORA DO LAR
GEPPOS RESTAURANTE,2025,ALIMENTAÇÃO FORA DO LAR
GEPPOS RESTAURANTE ITALIANO,2022,ALIMENTAÇÃO FORA DO LAR
GEPPOS RESTAURANTE,2023,ALIMENTAÇÃO FORA DO LAR
GEPPOS RESTAURANTE PRAIA,2023,ALIMENTAÇÃO FORA DO LAR
GEPPOS RESTAURANTE PRAIA,2022,ALIMENTAÇÃO FORA DO LAR
GEPPOS RESTAURANTES BEIRA MAR,2014,ALIMENTAÇÃO FORA DO LAR
GIRAFATUR,2024,AGÊNCIA DE VIAGENS 
GIRAFATUR,2023,AGÊNCIA DE VIAGENS 
"GIULIETTA CAFÉ, PASTO E PIZZA",2019,ALIMENTAÇÃO FORA DO LAR
GIULIETTA VIÇOSA DO CEARÁ,2019,ALIMENTAÇÃO FORA DO LAR
GLESSY AGENCIA DE VIAGENS E TURISMO,2025,AGÊNCIA DE VIAGENS 
GM EXCLUSIVE FITNESS,2024,ACADEMIA
GO! OFFICES COWORKING,2024,COWORKING
GOLDEN KIDS BUFFET,2024,EMPRESA DE EVENTOS
GOOD BURGUER E AÇAÍ,2024,ALIMENTAÇÃO FORA DO LAR
GOSPEL FAZENDA PARK HOTEL,2024,HOSPEDAGEM 
GOSPEL FAZENDA PARK HOTEL,2022,HOSPEDAGEM
GOULASHE,2011 / 2012,ALIMENTAÇÃO FORA DO LAR
GOULASHE,2013,ALIMENTAÇÃO FORA DO LAR
GRAFICA TAUA ,2025,LOJAS DE VAREJO
GRAN MAREIRO HOTEL,2019,HOSPEDAGEM 
GRATTI RESTAURANTE E EVENTOS LTDA,2023,ALIMENTAÇÃO FORA DO LAR
GRAUÇÁ TURISMO,2023,AGÊNCIA DE VIAGENS 
GUARAMIRANGA CAFÉ COLONIAL,2025,ALIMENTAÇÃO FORA DO LAR
GUARAMIRANGA CAFÉ COLONIAL,2024,ALIMENTAÇÃO FORA DO LAR
GUERRA CONCEITO,2025,LOJAS DE VAREJO
GUILHERME TEIXEIRA RECEPCOES E EVENTOS,2023,EMPRESA DE EVENTOS
GUILHERME TEIXEIRA RECEPCOES E EVENTOS,2024,EMPRESA DE EVENTOS
GUILHERME TEIXEIRA RECEPÇÕES E EVENTOS,2015,EMPRESA DE EVENTOS
GUILTE FESTAS,2014,EMPRESA DE EVENTOS
H2U ESCRITORIO VIRTUAL,2024,COWORKING
HABIBS,2022,ALIMENTAÇÃO FORA DO LAR
HABIBS,2019,ALIMENTAÇÃO FORA DO LAR
HABIBS,2015,ALIMENTAÇÃO FORA DO LAR
HABIBS,2018,ALIMENTAÇÃO FORA DO LAR
HABIBS,2016,ALIMENTAÇÃO FORA DO LAR
HABIBS,2014,ALIMENTAÇÃO FORA DO LAR
HABIBS – 13 DE MAIO,2009 / 2010,ALIMENTAÇÃO FORA DO LAR
HABIBS – SEIS BOCAS,2011 / 2012,ALIMENTAÇÃO FORA DO LAR
HABIBS – SEIS BOCAS,2009 / 2010,ALIMENTAÇÃO FORA DO LAR
HABIBS – WASHINGTON SOARES,2013,ALIMENTAÇÃO FORA DO LAR
HAPPY DAY BUFFET,2024,EMPRESA DE EVENTOS
HERMES PALHANO OFICINA AUTOMOTIVA,2024,MANUTENÇÃO DE VEÍCULOS
HG SERVIÇOS ADMINISTRATIVOS LTDA,2024,COWORKING
HOREB EREENCIMENTOS IMOBILIÁRIOS / JC HOTEIS - PREMIUM HOTEL,2023,HOSPEDAGEM
HOTEL ARCO-ÍRIS,2023,HOSPEDAGEM
HOTEL BEZERRA,2017,HOSPEDAGEM
HOTEL BOUTIQUE CASA DE SÃO JOSÉ,2018,HOSPEDAGEM
HOTEL BOUTIQUE CASA DE SÃO JOSÉ,2017,HOSPEDAGEM
HOTEL BOUTIQUE CASA DE SÃO JOSÉ,2016,HOSPEDAGEM
HOTEL BRISA DA SERRA,2016,HOSPEDAGEM
HOTEL CAMOCIM,2024,HOSPEDAGEM 
HOTEL CAMOCIM,2023,HOSPEDAGEM
HOTEL CAMOCIM,2022,HOSPEDAGEM
HOTEL CAMOCIM,2019,HOSPEDAGEM 
HOTEL CHALÉ NOSSO SITIO,2018,HOSPEDAGEM
HOTEL CHALÉ NOSSO SITIO,2016,HOSPEDAGEM
HOTEL CHALÉ NOSSO SÍTIO,2019,HOSPEDAGEM 
HOTEL CHALÉ NOSSO SÍTIO,2017,HOSPEDAGEM
HOTEL COCAL,2011 / 2012,HOSPEDAGEM
HOTEL COCAL,2009 / 2010,HOSPEDAGEM
HOTEL COLISEUM,2013,HOSPEDAGEM
HOTEL COLONIAL BATURITÉ,2022,HOSPEDAGEM
HOTEL COLONIAL BATURITÉ,2017,HOSPEDAGEM
HOTEL COLONIAL BATURITÉ,2013,HOSPEDAGEM
HOTEL COLONIAL BATURITÉ,2018,HOSPEDAGEM
HOTEL COLONIAL BATURITÉ,2016,HOSPEDAGEM
HOTEL DAS FONTES – BARBALHA/CE,2016,HOSPEDAGEM
HOTEL DAS FONTES – BARBALHA/CE,2015,HOSPEDAGEM
HOTEL DAS FONTES – BARBALHA/CE,2014,HOSPEDAGEM
HOTEL DAS FONTES – BARBALHA/CE,2013,HOSPEDAGEM
HOTEL DAS FONTES – BARBALHA/CE,2011 / 2012,HOSPEDAGEM
HOTEL DAS FONTES – BARBALHA/CE,2009 / 2010,HOSPEDAGEM
HOTEL DIOGO,2011 / 2012,HOSPEDAGEM
HOTEL DIOGO,2009 / 2010,HOSPEDAGEM
HOTEL DONANA,2016,HOSPEDAGEM
HOTEL DONANA,2015,HOSPEDAGEM
HOTEL E RESTAURANTE MARIA BASTOS,2024,HOSPEDAGEM 
HOTEL E RESTAURANTE TALHERES,2014,HOSPEDAGEM
HOTEL ENCOSTA DA SERRA,2016,HOSPEDAGEM
HOTEL ICARAÍ BEACH,2024,HOSPEDAGEM 
HOTEL ICARAÍ BEACH,2023,HOSPEDAGEM
HOTEL IL NURAGHE,2018,HOSPEDAGEM
HOTEL ILHA DO AMOR,2016,HOSPEDAGEM
HOTEL ILHA DO AMOR,2015,HOSPEDAGEM
HOTEL ILHA DO AMOR,2014,HOSPEDAGEM
HOTEL ILHA DO AMOR,2013,HOSPEDAGEM
HOTEL JANGADAS,2023,HOSPEDAGEM
HOTEL JANGADAS,2022,HOSPEDAGEM
HOTEL JANGADAS,2019,HOSPEDAGEM 
HOTEL JANGADAS,2018,HOSPEDAGEM
HOTEL JERI,2017,HOSPEDAGEM
HOTEL LAGUNA BLU,2023,HOSPEDAGEM
HOTEL LAGUNA BLU,2019,HOSPEDAGEM 
HOTEL LAGUNA BLU,2018,HOSPEDAGEM
HOTEL LAGUNA BLU,2017,HOSPEDAGEM
HOTEL LAGUNA BLU,2016,HOSPEDAGEM
HOTEL LAGUNA BLU,2015,HOSPEDAGEM
HOTEL LAGUNA BLU,2013,HOSPEDAGEM
HOTEL LAGUNA BLU,2011 / 2012,HOSPEDAGEM
HOTEL LAGUNA BLU ,2022,HOSPEDAGEM
HOTEL MAGNUM,2014,HOSPEDAGEM
HOTEL MALIBU,2022,HOSPEDAGEM
HOTEL MARÉ LOFT PRAIA,2024,HOSPEDAGEM 
HOTEL MARÉ LOFT PRAIA,2023,HOSPEDAGEM
HOTEL MARE MANSA,2025,HOSPEDAGEM 
HOTEL MARIA BASTOS,2016,HOSPEDAGEM
HOTEL MARIA BASTOS,2015,HOSPEDAGEM
HOTEL MARIA BASTOS,2014,HOSPEDAGEM
HOTEL MARINA PRAIA,2014,HOSPEDAGEM
HOTEL MARINA PRAIA,2011 / 2012,HOSPEDAGEM
HOTEL MARINA PRAIA,2009 / 2010,HOSPEDAGEM
HOTEL MERIDIONAL,2022,HOSPEDAGEM
HOTEL MIRANTE DAS GAMBOAS,2016,HOSPEDAGEM
HOTEL MONÓLITOS,2023,HOSPEDAGEM
HOTEL MONÓLITOS,2024,HOSPEDAGEM 
HOTEL MONÓLITOS,2022,HOSPEDAGEM
HOTEL MONÓLITOS,2019,HOSPEDAGEM 
HOTEL MONÓLITOS,2018,HOSPEDAGEM
HOTEL MONÓLITOS,2017,HOSPEDAGEM
HOTEL MONÓLITOS,2016,HOSPEDAGEM
HOTEL MONÓLITOS,2015,HOSPEDAGEM
HOTEL MONÓLITOS,2014,HOSPEDAGEM
HOTEL MONÓLITOS,2013,HOSPEDAGEM
HOTEL MONÓLITOS,2011 / 2012,HOSPEDAGEM
HOTEL MONÓLITOS,2009 / 2010,HOSPEDAGEM
HOTEL MONTENEGRO,2016,HOSPEDAGEM
HOTEL MONTENEGRO,2015,HOSPEDAGEM
HOTEL MONTENEGRO,2014,HOSPEDAGEM
HOTEL OLHO D'ÁGUA,2022,HOSPEDAGEM
HOTEL PADRE CÍCERO,2019,EMPRESA DE EVENTOS
HOTEL PARQUE DAS FONTES,2024,HOSPEDAGEM 
HOTEL PARQUE DAS FONTES,2023,HOSPEDAGEM
HOTEL PARQUE DAS FONTES,2021,HOSPEDAGEM
HOTEL PARQUE DAS FONTES,2019,HOSPEDAGEM 
HOTEL PARQUE DAS FONTES,2017,HOSPEDAGEM
HOTEL PARQUE DAS FONTES,2015,HOSPEDAGEM
HOTEL PARQUE DAS FONTES,2013,HOSPEDAGEM
HOTEL PARQUE DAS FONTES,2011 / 2012,HOSPEDAGEM
HOTEL PARQUE DAS FONTES,2009 / 2010,HOSPEDAGEM
HOTEL PARQUE DAS FONTES ,2022,HOSPEDAGEM
HOTEL PAUSA,2015,HOSPEDAGEM
HOTEL PEDRA DOS VENTOS,2022,HOSPEDAGEM
HOTEL PINHEIRO,2024,HOSPEDAGEM 
HOTEL PINHEIRO,2023,HOSPEDAGEM
HOTEL PINHEIRO,2022,HOSPEDAGEM
HOTEL PINHEIRO,2023,HOSPEDAGEM
HOTEL PORTO DAS DUNAS ,2022,HOSPEDAGEM
HOTEL POUSADA TRÊS CARAVELAS,2017,HOSPEDAGEM
HOTEL POUSADA TRÊS CARAVELAS,2016,HOSPEDAGEM
HOTEL POUSADA TRÊS CARAVELAS,2015,HOSPEDAGEM
HOTEL POUSADA TRÊS CARAVELAS,2023,HOSPEDAGEM
HOTEL POUSADA TRÊS CARAVELAS,2022,HOSPEDAGEM
HOTEL POUSADA TRÊS CARAVELAS,2019,HOSPEDAGEM 
HOTEL POUSADA TRÊS CARAVELAS,2018,HOSPEDAGEM
HOTEL POYARES,2011 / 2012,HOSPEDAGEM
HOTEL RIBEIRA DOS ICÓS,2024,HOSPEDAGEM 
HOTEL RIBEIRA DOS ICÓS,2023,HOSPEDAGEM
HOTEL RIBEIRA DOS ICÓS,2022,HOSPEDAGEM
HOTEL SANT. DAS AGUIAS,2022,HOSPEDAGEM
HOTEL SOMBRA DO JUÁ,2013,HOSPEDAGEM
HOTEL SONATA DE IRACEMA,2024,HOSPEDAGEM 
HOTEL SONATA DE IRACEMA,2023,HOSPEDAGEM
HOTEL SONATA DE IRACEMA,2022,HOSPEDAGEM
HOTEL SONATA DE IRACEMA,2019,HOSPEDAGEM 
HOTEL SONATA DE IRACEMA,2018,HOSPEDAGEM
HOTEL SONATA DE IRACEMA,2017,HOSPEDAGEM
HOTEL SONATA DE IRACEMA,2016,HOSPEDAGEM
HOTEL SONATA DE IRACEMA,2015,HOSPEDAGEM
HOTEL SONATA DE IRACEMA,2014,HOSPEDAGEM
HOTEL SONATA DE IRACEMA,2013,HOSPEDAGEM
HOTEL SONATA DE IRACEMA,2011 / 2012,HOSPEDAGEM
HOTEL VALE DAS PEDRAS,2017,HOSPEDAGEM
HOTEL VALE DAS PEDRAS,2016,HOSPEDAGEM
HOTEL VALE DAS PEDRAS,2014,HOSPEDAGEM
HOTEL VELA E MAR,2015,HOSPEDAGEM
HOTEL VELA E MAR,2014,HOSPEDAGEM
HOTEL VELA E MAR,2013,HOSPEDAGEM
HOTEL VEREDAS DO SERTÃO,2018,HOSPEDAGEM
HOTEL VEREDAS DO SERTÃO,2015,HOSPEDAGEM
HOTEL VILLA MAYOR,2024,HOSPEDAGEM 
HOTEL VILLA MAYOR,2023,HOSPEDAGEM
HOTEL VILLA MAYOR,2022,HOSPEDAGEM
HOTEL VILLA MAYOR,2019,HOSPEDAGEM 
HOTEL VILLA MAYOR,2018,HOSPEDAGEM
HOTEL VILLA MAYOR,2017,HOSPEDAGEM
HOTEL VILLA MAYOR,2016,HOSPEDAGEM
HOTEL VILLA MAYOR,2015,HOSPEDAGEM
HOTEL VILLA MAYOR,2014,HOSPEDAGEM
HOTEL VILLA MAYOR,2013,HOSPEDAGEM
HOTEL VILLA MAYOR,2011 / 2012,HOSPEDAGEM
HOTEL VISCONDE,2017,HOSPEDAGEM
HOTEL VISCONDE,2016,HOSPEDAGEM
HOTEL VISCONDE,2015,HOSPEDAGEM
HULA HULA BRAZIL - ICARAIZINHO BRASIL HOTEL LTDA,2022,HOSPEDAGEM
"IAME, ALIMENTAÇÃO SAUDÁVEL LTDA",2025,ALIMENTAÇÃO FORA DO LAR
ICARAIZINHO ADVENTURE,2023,AGÊNCIA DE VIAGENS 
IDEIA DE EVENTO,2022,EMPRESA DE EVENTOS
IDEIA DE EVENTO,2019,EMPRESA DE EVENTOS
IDEIA DE EVENTO,2024,EMPRESA DE EVENTOS
IDEIA DE EVENTO,2023,EMPRESA DE EVENTOS
IDEIA DE EVENTO,2018,EMPRESA DE EVENTOS
IKONE EVENTOS,2019,EMPRESA DE EVENTOS
IKONE EVENTOS,2009 / 2010,EMPRESA DE EVENTOS
ILHA PARK HOTEL,2024,HOSPEDAGEM 
ILHA PARK HOTEL,2023,HOSPEDAGEM
ILHA PRAIA HOTEL,2019,HOSPEDAGEM 
ILHA PRAIA HOTEL,2018,HOSPEDAGEM
IMEDIATO HOTEL,2018,HOSPEDAGEM
IMEDIATO HOTEL,2017,HOSPEDAGEM
IMEDIATO HOTEL,2016,HOSPEDAGEM
IMEDIATO HOTEL,2015,HOSPEDAGEM
IMEDIATO HOTEL,2014,HOSPEDAGEM
IMPERIAL PALACE HOTEL,2023,HOSPEDAGEM
IMPERIAL PALACE HOTEL,2022,HOSPEDAGEM
IMPERIAL PALACE HOTEL,2018,HOSPEDAGEM
IMPERIAL PALACE HOTEL,2017,HOSPEDAGEM
IMPERIAL PALACE HOTEL,2016,HOSPEDAGEM
IMPERIAL PALACE HOTEL,2015,HOSPEDAGEM
IMPERIAL PALACE HOTEL,2014,HOSPEDAGEM
IMPERIAL PALACE HOTEL,2019,HOSPEDAGEM 
IMPERIUM PAULISTA,2024,EMPRESA DE EVENTOS
IMPRENSA CAFÉ,2019,ALIMENTAÇÃO FORA DO LAR
IMUNNE CLÍNICA DE VACINAÇÃO,2023,SERVIÇOS DE SAÚDE
IN-ON,2025,ALIMENTAÇÃO FORA DO LAR
INNOVARE,2024,EMPRESA DE EVENTOS
INNOVARE,2023,EMPRESA DE EVENTOS
INNOVARE SAÚDE & BEM- ESTAR,2025,SERVIÇOS DE SAÚDE
INSTITUTO DE ESTOMATERAPIA FERNANDA SILVA,2024,SERVIÇOS DE SAÚDE
INSTITUTO SITIO SÃO LUIS,2023,ALIMENTAÇÃO FORA DO LAR
ISABELLA FERNANDES DOCERIA,2024,ALIMENTAÇÃO FORA DO LAR
ITALAP DIAGNÓSTICO,2024,SERVIÇOS LABORATORIAIS
ITAPARK EMPREENDIMENTOS TURISTICOS LTDA,2022,ALIMENTAÇÃO FORA DO LAR
ITAPARK EMPREENDIMENTOS TURISTICOS LTDA,2024,ALIMENTAÇÃO FORA DO LAR
ITAPARK EMPREENDIMENTOS TURISTICOS LTDA,2023,ALIMENTAÇÃO FORA DO LAR
J M FERREIRA FILHO,2025,ALIMENTAÇÃO FORA DO LAR
J. B. FEITOSA JUNIOR,2021,ALIMENTAÇÃO FORA DO LAR
J. LANCHES PIZZARIA DELIVERY,2024,ALIMENTAÇÃO FORA DO LAR
JANGADAS RESTAURANTES ,2024,ALIMENTAÇÃO FORA DO LAR
JANGADEIRO PRAIA HOTEL,2024,HOSPEDAGEM 
JANGADEIRO PRAIA HOTEL,2023,HOSPEDAGEM
JANGADEIRO PRAIA HOTEL,2022,HOSPEDAGEM
JANGADEIRO PRAIA HOTEL,2019,HOSPEDAGEM 
JANGADEIRO PRAIA HOTEL,2018,HOSPEDAGEM
JANGADEIRO PRAIA HOTEL,2017,HOSPEDAGEM
JANGADEIRO PRAIA HOTEL,2016,HOSPEDAGEM
JANGADEIRO PRAIA HOTEL,2015,HOSPEDAGEM
JARDIM ARATUBA,2023,ALIMENTAÇÃO FORA DO LAR
JARDINEIRA PARK HOTEL,2015,HOSPEDAGEM
JARDINEIRA PARK HOTEL,2016,HOSPEDAGEM
JARDINEIRA PARK RESTAURANTE,2015,ALIMENTAÇÃO FORA DO LAR
JARDINEIRA PARK RESTAURANTE,2016,ALIMENTAÇÃO FORA DO LAR
JARDINS LOUNGE BAR,2017,ALIMENTAÇÃO FORA DO LAR
JC HOTEIS E PRESTADORA DE SERVICOS LTDA,2024,HOSPEDAGEM 
JERI PARAÍSO TROPICAL,2022,AGÊNCIA DE VIAGENS
JERI PARAÍSO TROPICAL,2023,AGÊNCIA DE VIAGENS 
JERI PARAÍSO TROPICAL,2024,AGÊNCIA DE VIAGENS 
JERI VILLAGE HOTEL,2025,HOSPEDAGEM 
JERIUNIDOS4X4,2025,AGÊNCIA DE VIAGENS 
JESUS OLIVEIRA SOARES LTDA,2025,ALIMENTAÇÃO FORA DO LAR
JHL COMERCIO DE ALIMENTOS LTDA - SUPREMO AÇAI,2024,ALIMENTAÇÃO FORA DO LAR
JJ PIZZA GRILL - JHONATAN MARTINS DE OLIVEIRA,2025,ALIMENTAÇÃO FORA DO LAR
JJ PIZZA GRILL - JHONATAN MARTINS DE OLIVEIRA,2024,ALIMENTAÇÃO FORA DO LAR
JJ PIZZA GRILL - JHONATAN MARTINS DE OLIVEIRA,2023,ALIMENTAÇÃO FORA DO LAR
JK AÇAÍ GOOD,2023,ALIMENTAÇÃO FORA DO LAR
JK AÇAÍ GOOD,2024,ALIMENTAÇÃO FORA DO LAR
JUAUTOS COMÉRCIO VAREJISTA DE PEÇAS E SERVIÇOS,2022,MANUTENÇÃO DE VEÍCULOS
JUAZEIRO RESIDENCE HOTEL,2018,HOSPEDAGEM
JULIA FIT GOURMET,2023,ALIMENTAÇÃO FORA DO LAR
JUNIOR CAR,2025,MANUTENÇÃO DE VEÍCULOS
K´DELÍCIA,2024,ALIMENTAÇÃO FORA DO LAR
KAIRA - MICHELINE M F SAIRAVA ME,2022,ALIMENTAÇÃO FORA DO LAR
KAIS RESTAURANTE BAR,2013,ALIMENTAÇÃO FORA DO LAR
KAIS RESTAURANTE BAR,2016,ALIMENTAÇÃO FORA DO LAR
KAIS RESTAURANTE BAR,2014,ALIMENTAÇÃO FORA DO LAR
KAIS RESTAURANTE BAR,2011 / 2012,ALIMENTAÇÃO FORA DO LAR
KAIS RESTAURANTE BAR,2009 / 2010,ALIMENTAÇÃO FORA DO LAR
KAIS RESTAURANTE BAR,2015,ALIMENTAÇÃO FORA DO LAR
KAKTUS EVENTOS,2025,EMPRESA DE EVENTOS
KAVA CAFÉ & MAIS,2018,ALIMENTAÇÃO FORA DO LAR
KAZUI POKE E SUSHI,2024,ALIMENTAÇÃO FORA DO LAR
KLAUS MAGNO LABORATÓRIO CLÍNICO,2024,SERVIÇOS LABORATORIAIS
KLAUS MAGNO LABORATÓRIO CLÍNICO,2023,SERVIÇOS LABORATORIAIS
L3 PERFORMANCE E SAÚDE,2022,ACADEMIA
L3 PERFORMANCE E SAÚDE,2024,ACADEMIA
L3 PERFORMANCE E SAÚDE,2023,ACADEMIA
LA BELLA ITALIA,2014,ALIMENTAÇÃO FORA DO LAR
LA BELLA ITALIA,2016,ALIMENTAÇÃO FORA DO LAR
LA BELLA ITALIA,2015,ALIMENTAÇÃO FORA DO LAR
LA BELLA ITALIA,2013,ALIMENTAÇÃO FORA DO LAR
LA BOMBONERA RESTAURANTE,2015,ALIMENTAÇÃO FORA DO LAR
LA CASA DI PIETRA ,2024,HOSPEDAGEM 
LA CREMA CAFETERIA ,2024,ALIMENTAÇÃO FORA DO LAR
LA MAMA PIZZAS & CIA,2023,ALIMENTAÇÃO FORA DO LAR
LA NONNA,2013,ALIMENTAÇÃO FORA DO LAR
LA NONNA,2014,ALIMENTAÇÃO FORA DO LAR
LA NONNA,2011 / 2012,ALIMENTAÇÃO FORA DO LAR
LA NONNA,2009 / 2010,ALIMENTAÇÃO FORA DO LAR
LA PULGA,2024,ALIMENTAÇÃO FORA DO LAR
LA SPEZIA,2025,ALIMENTAÇÃO FORA DO LAR
LAB SARA VIANA,2025,SERVIÇOS LABORATORIAIS
LABCITO,2024,SERVIÇOS LABORATORIAIS
LABCLIN,2025,SERVIÇOS LABORATORIAIS
LABGOUVEIA,2024,SERVIÇOS LABORATORIAIS
LABGOUVEIA,2023,SERVIÇOS LABORATORIAIS
LABMEDI CLINICA E LABORATORIO,2024,SERVIÇOS LABORATORIAIS
LABMEDI CLINICA E LABORATORIO,2023,SERVIÇOS LABORATORIAIS
LABOCLINICA,2023,SERVIÇOS DE SAÚDE
LABOCLINICA,2024,SERVIÇOS DE SAÚDE
LABORATÓRIO CEARENSE,2024,SERVIÇOS LABORATORIAIS
LABORATÓRIO CEARENSE,2023,SERVIÇOS LABORATORIAIS
LABORATÓRIO CLÍNICO DE SOBRAL,2022,SERVIÇOS DE SAUDE
LABORATÓRIO CLÍNICO SANTA TERESINHA,2024,SERVIÇOS LABORATORIAIS
LABORATÓRIO CLÍNICO SANTA TERESINHA,2023,SERVIÇOS LABORATORIAIS
LABORATORIO DE ANALISES CLINICA J M L,2024,SERVIÇOS LABORATORIAIS
LABORATÓRIO DR. SAMUEL,2023,SERVIÇOS LABORATORIAIS
LABORATORIO E CLINICA THOMAZ ARAGÃO,2024,SERVIÇOS LABORATORIAIS
LABORATORIO E CLINICA VITORIA,2024,SERVIÇOS LABORATORIAIS
LABORATÓRIO LABJAB,2025,SERVIÇOS LABORATORIAIS
LABORATORIO LIDUINA PIRES,2024,SERVIÇOS LABORATORIAIS
LABORATÓRIO NEMÉSIO CARDOSO,2023,SERVIÇOS LABORATORIAIS
LABORATÓRIO NEMÉSIO CARDOSO,2025,SERVIÇOS LABORATORIAIS
LABORATÓRIO NEMÉSIO CARDOSO,2024,SERVIÇOS LABORATORIAIS
LABORVALE ,2024,SERVIÇOS LABORATORIAIS
LACA SAÚDE,2023,SERVIÇOS LABORATORIAIS
LACA SAÚDE,2024,SERVIÇOS LABORATORIAIS
LACLISO - LABORATÓRIO CLÍNICO DE SOBRAL,2024,SERVIÇOS LABORATORIAIS
LACLISO - LABORATÓRIO CLÍNICO DE SOBRAL,2023,SERVIÇOS LABORATORIAIS
LAGOINHA KIT POINT,2023,ALIMENTAÇÃO FORA DO LAR
"LAGUNA HOTEIS, RESIDENCE E RESORT LTDA",2024,HOSPEDAGEM 
LAMAB - CLÍNICA & LABORATÓRIO,2023,SERVIÇOS LABORATORIAIS
LAMAB - CLÍNICA & LABORATÓRIO,2024,SERVIÇOS LABORATORIAIS
LANCHONETE E PIZZARIA ONDA DO MAR,2015,ALIMENTAÇÃO FORA DO LAR
LARA HOTEL,2017,HOSPEDAGEM
LARA HOTEL,2016,HOSPEDAGEM
LAVANDERIA EXPRESSO,2025,LOJAS DE VAREJO
LAWILLYS RESTAURANTE,2023,ALIMENTAÇÃO FORA DO LAR
LE RÊVE POUSADA,2013,HOSPEDAGEM
LE RÊVE POUSADA,2024,HOSPEDAGEM 
LE RÊVE POUSADA,2022,HOSPEDAGEM
LE RÊVE POUSADA,2023,HOSPEDAGEM
LEONARDO ALVES DE SOUSA,2023,MANUTENÇÃO DE VEÍCULOS
LEONARDO DA VINCI RISTORANTE E PIZZARIA,2015,ALIMENTAÇÃO FORA DO LAR
LEONARDO DA VINCI RISTORANTE E PIZZARIA,2014,ALIMENTAÇÃO FORA DO LAR
LETIVA HOTEL CENTRO,2024,HOSPEDAGEM 
LETIVA HOTEL SOBRAL,2024,HOSPEDAGEM 
LETIVA HOTEL SOBRAL,2023,HOSPEDAGEM
LIFE FITNESS ACADEMIA,2023,ACADEMIA
LOUREN CABELOS E ESTÉTICA,2024,SERVIÇOS DE ESTÉTICA
LUBRIFIQ,2023,MANUTENÇÃO DE VEÍCULOS
LUCIANA SIQUEIRA DE AMORIM,2021,SERVIÇOS DE ESTÉTICA
LUGARZINHO CHEF VENTURELLI,2023,ALIMENTAÇÃO FORA DO LAR
LUXOR ESTÉTICA & CABELOS,2023,SERVIÇOS DE ESTÉTICA
M P SERVICOS MEDICOS LTDA,2025,SERVIÇOS DE SAÚDE
M3 TURISMO,2023,AGÊNCIA DE VIAGENS 
M3 TURISMO,2024,AGÊNCIA DE VIAGENS 
M3 TURISMO ,2022,AGÊNCIA DE VIAGENS
MACÁRIOS RESTAURANTE,2023,ALIMENTAÇÃO FORA DO LAR
MACÁRIOS RESTAURANTE,2022,ALIMENTAÇÃO FORA DO LAR
MAESTRIA COMUNICAÇÃO E EVENTOS,2015,EMPRESA DE EVENTOS
MAESTRIA COMUNICAÇÃO E EVENTOS,2014,EMPRESA DE EVENTOS
MAESTRIA COMUNICAÇÃO E EVENTOS,2013,EMPRESA DE EVENTOS
MAESTRIA COMUNICAÇÃO E EVENTOS,2011 / 2012,EMPRESA DE EVENTOS
MAESTRIA COMUNICAÇÃO E EVENTOS,2009 / 2010,EMPRESA DE EVENTOS
MAESTRIA COMUNICAÇÃO E EVENTOS,2024,EMPRESA DE EVENTOS
MAESTRIA COMUNICAÇÃO E EVENTOS,2023,EMPRESA DE EVENTOS
MAESTRIA COMUNICAÇÃO E EVENTOS,2022,EMPRESA DE EVENTOS
MAESTRIA COMUNICAÇÃO E EVENTOS,2019,EMPRESA DE EVENTOS
MAESTRIA COMUNICAÇÃO E EVENTOS,2018,EMPRESA DE EVENTOS
MAESTRIA COMUNICAÇÃO E EVENTOS,2017,EMPRESA DE EVENTOS
MAESTRIA COMUNICAÇÃO E EVENTOS,2016,EMPRESA DE EVENTOS
MAGNA PRAIA HOTEL,2014,HOSPEDAGEM
MAGNA PRAIA HOTEL,2013,HOSPEDAGEM
MAGNA PRAIA HOTEL,2009 / 2010,HOSPEDAGEM
MAGNUM HOTEL,2025,HOSPEDAGEM 
MAGRELLO GOURMET,2024,ALIMENTAÇÃO FORA DO LAR
MAIS 1 CAFÉ PADRE CICERO,2024,ALIMENTAÇÃO FORA DO LAR
MAIS COWORKING CENTRAL DE SERVIÇOS,2024,COWORKING
MAISON TRAJES FINOS,2025,LOJAS DE VAREJO
MAKENA HOTEL,2023,HOSPEDAGEM
MAKENA HOTEL,2022,HOSPEDAGEM
MAKENA HOTEL,2024,HOSPEDAGEM 
CASA MALU,2018,ALIMENTAÇÃO FORA DO LAR
CASA MALU,2023,ALIMENTAÇÃO FORA DO LAR
CASA MALU,2022,ALIMENTAÇÃO FORA DO LAR
CASA MALU,2019,ALIMENTAÇÃO FORA DO LAR
CASA MALU,2017,ALIMENTAÇÃO FORA DO LAR
CASA MALU,2016,ALIMENTAÇÃO FORA DO LAR
CASA MALU,2014,ALIMENTAÇÃO FORA DO LAR
CASA MALU,2021,ALIMENTAÇÃO FORA DO LAR
CASA MALU,2015,ALIMENTAÇÃO FORA DO LAR
MALVA CONFEITARIA,2024,ALIMENTAÇÃO FORA DO LAR
MAMMA MIA PIZZARIA,2024,ALIMENTAÇÃO FORA DO LAR
MAMMA VITÓRIA,2013,ALIMENTAÇÃO FORA DO LAR
MANGARÁ POUSADA,2024,HOSPEDAGEM 
MANGARÁ POUSADA,2023,HOSPEDAGEM
MANJAR DE MÃE,2019,ALIMENTAÇÃO FORA DO LAR
MANJAR DE MÃE,2018,ALIMENTAÇÃO FORA DO LAR
MANOEL RODRIGUES BRITO,2025,MANUTENÇÃO DE VEÍCULOS
MANZARI RESTAURANTE RECEPTIVO,2011 / 2012,ALIMENTAÇÃO FORA DO LAR
MANZARI RESTAURANTE RECEPTIVO,2009 / 2010,ALIMENTAÇÃO FORA DO LAR
MARÉ ALTA FLECHEIRAS RESTAURANTE ,2024,ALIMENTAÇÃO FORA DO LAR
MAREAR PARK,2017,ALIMENTAÇÃO FORA DO LAR
MAREAR PARK,2016,ALIMENTAÇÃO FORA DO LAR
MAREAR PARK,2015,ALIMENTAÇÃO FORA DO LAR
MAREDOMUS HOTEL,2019,HOSPEDAGEM 
MAREDOMUS HOTEL,2016,HOSPEDAGEM
MAREDOMUS HOTEL,2015,HOSPEDAGEM
MAREDOMUS HOTEL,2014,HOSPEDAGEM
MAREDOMUS HOTEL,2013,HOSPEDAGEM
MAREDOMUS HOTEL,2011 / 2012,HOSPEDAGEM
MAREDOMUS HOTEL,2009 / 2010,HOSPEDAGEM
MAREIRO HOTEL,2018,HOSPEDAGEM
MAREIRO HOTEL,2017,HOSPEDAGEM
MAREIRO HOTEL,2016,HOSPEDAGEM
MAREIRO HOTEL,2015,HOSPEDAGEM
MAREIRO HOTEL,2014,HOSPEDAGEM
MAREIRO HOTEL,2013,HOSPEDAGEM
MAREIRO HOTEL,2011 / 2012,HOSPEDAGEM
MAREIRO HOTEL,2009 / 2010,HOSPEDAGEM
MAREIRO HOTEL,2019,HOSPEDAGEM 
MARIA BONITA,2025,ALIMENTAÇÃO FORA DO LAR
MARIA REDONDA,2018,ALIMENTAÇÃO FORA DO LAR
MARIA REDONDA,2017,ALIMENTAÇÃO FORA DO LAR
MARIAS GOURMET,2025,ALIMENTAÇÃO FORA DO LAR
MARINA PARK HOTEL,2011 / 2012,HOSPEDAGEM
MARINA PARK HOTEL,2018,HOSPEDAGEM
MARINA PARK HOTEL,2017,HOSPEDAGEM
MARINA PARK HOTEL,2016,HOSPEDAGEM
MARINA PARK HOTEL,2015,HOSPEDAGEM
MARINA PARK HOTEL,2014,HOSPEDAGEM
MARINA PARK HOTEL,2013,HOSPEDAGEM
MARISTELA MOURÃO,2019,EMPRESA DE EVENTOS
MARISTELA MOURÃO,2018,EMPRESA DE EVENTOS
MARQUÊS DA VARJOTA,2019,ALIMENTAÇÃO FORA DO LAR
MARRECU'S PARK,2024,ALIMENTAÇÃO FORA DO LAR
MARRECU'S PARK,2022,EMPRESA DE EVENTOS
MARRECU'S PARK,2017,ALIMENTAÇÃO FORA DO LAR
MARRECU'S PARK,2016,ALIMENTAÇÃO FORA DO LAR
MARRECU'S PARK,2015,ALIMENTAÇÃO FORA DO LAR
MARRECU'S PARK,2023,ALIMENTAÇÃO FORA DO LAR
MARUJO BURGUERIA GOURMET,2018,ALIMENTAÇÃO FORA DO LAR
MARUJO BURGUERIA GOURMET,2017,ALIMENTAÇÃO FORA DO LAR
MARUJO BURGUERIA GOURMET,2016,ALIMENTAÇÃO FORA DO LAR
MARUJO PRIME,2018,ALIMENTAÇÃO FORA DO LAR
MATTARELLO PIZZA,2019,ALIMENTAÇÃO FORA DO LAR
MATTARELLO PIZZA,2023,ALIMENTAÇÃO FORA DO LAR
MAXFUR TURISMO,2024,AGÊNCIA DE VIAGENS 
MDC REPRESENTAÇÕES,2025,MANUTENÇÃO DE VEÍCULOS
MEDCLINIC SOBRAL,2024,SERVIÇOS DE SAÚDE
MEDCLINIC SOBRAL,2023,SERVIÇOS DE SAÚDE
MEDCLINIC SOBRAL,2022,SERVIÇOS DE SAUDE
MEDEIROS GOURMET,2025,ALIMENTAÇÃO FORA DO LAR
MEDVET MULTICLÍNICA VETERINÁRIA,2022,SERVIÇOS DE SAUDE
MEGA CAR AUTO SERVICE,2022,MANUTENÇÃO DE VEÍCULOS
MENU BRANDS,2024,ALIMENTAÇÃO FORA DO LAR
MENU BRANDS LTDA - PARQUELANDIA,2025,ALIMENTAÇÃO FORA DO LAR
MENU BRANDS LTDA - SUL,2025,ALIMENTAÇÃO FORA DO LAR
MERA SAÚDE,2024,SERVIÇOS DE SAÚDE
MIDAS CLINICA,2024,SERVIÇOS DE SAÚDE
MILENES AUTOS SERVICE,2022,MANUTENÇÃO DE VEÍCULOS
MILK SHAKE MIX IGUATU,2022,ALIMENTAÇÃO FORA DO LAR
MINI PADARIAS,2024,ALIMENTAÇÃO FORA DO LAR
MIRANTE BAR E RESTAURANTE,2022,ALIMENTAÇÃO FORA DO LAR
MIRANTE DA SERRA,2023,HOSPEDAGEM
MIRANTE DA SERRA,2022,HOSPEDAGEM
MISAKI RESTAURANTES,2022,ALIMENTAÇÃO FORA DO LAR
MISAKI RESTAURANTES,2019,ALIMENTAÇÃO FORA DO LAR
MISAKI RESTAURANTES,2018,ALIMENTAÇÃO FORA DO LAR
MISAKI RESTAURANTES,2009 / 2010,ALIMENTAÇÃO FORA DO LAR
MISAKI RESTAURANTES,2017,ALIMENTAÇÃO FORA DO LAR
MISAKI RESTAURANTES,2016,ALIMENTAÇÃO FORA DO LAR
MISAKI RESTAURANTES,2023,ALIMENTAÇÃO FORA DO LAR
MISAKI RESTAURANTES,2015,ALIMENTAÇÃO FORA DO LAR
MISAKI RESTAURANTES,2014,ALIMENTAÇÃO FORA DO LAR
MISAKI RESTAURANTES,2011 / 2012,ALIMENTAÇÃO FORA DO LAR
MODERNE TURISMO VIAGENS PERSONALIZADAS,2023,AGÊNCIA DE VIAGENS 
MODERNE TURISMO VIAGENS PERSONALIZADAS,2024,AGÊNCIA DE VIAGENS 
MOINHO DOS VENTOS RESTAURANTES E PIZZARIA,2023,ALIMENTAÇÃO FORA DO LAR
MONSIEUR CREME LTDA,2025,ALIMENTAÇÃO FORA DO LAR
MONTADORA PAULISTA DE EVENTOS,2024,EMPRESA DE EVENTOS
MONTADORA PAULISTA DE EVENTOS,2023,EMPRESA DE EVENTOS
MONTE PASCUAL,2023,HOSPEDAGEM
MORIA TRADE TURISMO,2022,HOSPEDAGEM
MR. MIX,2016,ALIMENTAÇÃO FORA DO LAR
MR. MIX,2015,ALIMENTAÇÃO FORA DO LAR
MUDA ECO PARQUE,2024,HOSPEDAGEM 
MUNZUA BEACH CLUB RESTAURANTE LTDA - MUNZUÁ PIER CLUB ,2023,ALIMENTAÇÃO FORA DO LAR
MURANO CENTER HOTEL,2023,HOSPEDAGEM
MURANO HOTEL,2022,HOSPEDAGEM
MY PLACE OFFICE,2024,COWORKING
N. B. ALIMENTOS LTDA,2025,LOJAS DE VAREJO
N&S SALAO E COSMETICOS,2024,SERVIÇOS DE ESTÉTICA
NAJA TURISMO,2023,AGÊNCIA DE VIAGENS 
NAQUELA JERICOACOARA ,2024,HOSPEDAGEM 
NATURAL LEVE,2019,ALIMENTAÇÃO FORA DO LAR
NATURAL LEVE,2015,ALIMENTAÇÃO FORA DO LAR
NATURAL LEVE,2014,ALIMENTAÇÃO FORA DO LAR
NATURAL LEVE,2011 / 2012,ALIMENTAÇÃO FORA DO LAR
NATURAL LEVE,2009 / 2010,ALIMENTAÇÃO FORA DO LAR
NATURAL LEVE - ALDEOTA,2016,ALIMENTAÇÃO FORA DO LAR
NATURAL LEVE - COCÓ,2015,ALIMENTAÇÃO FORA DO LAR
NATURALMENTE GELATO,2024,ALIMENTAÇÃO FORA DO LAR
NATURALMENTE GELATO,2023,ALIMENTAÇÃO FORA DO LAR
NEBLINA PARK HOTEL,2018,HOSPEDAGEM
NEGREIROS COMERCIO DE ALIMENTOS LTDA,2023,ALIMENTAÇÃO FORA DO LAR
NHOK LU PIZZAS E MASSAS ,2022,ALIMENTAÇÃO FORA DO LAR
NILLU'S PIZZAS E MASSAS,2024,ALIMENTAÇÃO FORA DO LAR
NILLU'S PIZZAS E MASSAS,2019,ALIMENTAÇÃO FORA DO LAR
NILLU'S PIZZAS E MASSAS,2018,ALIMENTAÇÃO FORA DO LAR
NILLU'S PIZZAS E MASSAS,2017,ALIMENTAÇÃO FORA DO LAR
NILLU'S PIZZAS E MASSAS,2016,ALIMENTAÇÃO FORA DO LAR
NILLU'S PIZZAS E MASSAS,2015,ALIMENTAÇÃO FORA DO LAR
NILLU'S PIZZAS E MASSAS,2022,ALIMENTAÇÃO FORA DO LAR
NILO ESFIHA,2019,ALIMENTAÇÃO FORA DO LAR
NINA PET SHOP,2024,LOJAS DE VAREJO
NOBILE SUÍTES BRASIL TROPICAL,2009 / 2010,HOSPEDAGEM
NOMAD,2025,ALIMENTAÇÃO FORA DO LAR
NORDESTE OFF ROAD EXPEDICOES,2024,AGÊNCIA DE VIAGENS 
NORI RESTAURANTES,2025,ALIMENTAÇÃO FORA DO LAR
NORI RESTAURANTES,2019,ALIMENTAÇÃO FORA DO LAR
NORI RESTAURANTES,2017,ALIMENTAÇÃO FORA DO LAR
NOSSA PARRILLA,2023,ALIMENTAÇÃO FORA DO LAR
NOSSA PARRILLA,2025,ALIMENTAÇÃO FORA DO LAR
NOSSO HOTEL,2024,HOSPEDAGEM 
NOVO PALADARS,2025,ALIMENTAÇÃO FORA DO LAR
NOVOS BOÊMIOS,2023,ALIMENTAÇÃO FORA DO LAR
NOZ RESTAURANTE LTDA,2023,ALIMENTAÇÃO FORA DO LAR
NUTRIFIT,2019,ALIMENTAÇÃO FORA DO LAR
NUTRIFIT,2018,ALIMENTAÇÃO FORA DO LAR
OAZO RESTAURANTE,2024,ALIMENTAÇÃO FORA DO LAR
OCAS DO ÍNDIO HOTEL SPA,2014,HOSPEDAGEM
OCAS DO ÍNDIO HOTEL SPA,2016,HOSPEDAGEM
OCAS DO ÍNDIO HOTEL SPA,2015,HOSPEDAGEM
OCAS DO ÍNDIO HOTEL SPA,2013,HOSPEDAGEM
ODONTO MEDIS,2025,SERVIÇOS DE SAÚDE
ODONTO MEDIS,2024,SERVIÇOS DE SAÚDE
ODONTOMED SERVIÇOS ODONTOLÓGICOS E MÉDICOS,2023,SERVIÇOS DE SAÚDE
OFICINA DE EVENTOS,2024,EMPRESA DE EVENTOS
OFICINA DE EVENTOS,2023,EMPRESA DE EVENTOS
OFICINA DE EVENTOS,2022,EMPRESA DE EVENTOS
OFICINA DE EVENTOS,2019,EMPRESA DE EVENTOS
OFICINA DE EVENTOS,2017,EMPRESA DE EVENTOS
OFICINA DE EVENTOS,2016,EMPRESA DE EVENTOS
OFICINA DE EVENTOS,2015,EMPRESA DE EVENTOS
OFICINA DE EVENTOS,2014,EMPRESA DE EVENTOS
OFICINA DE EVENTOS,2013,EMPRESA DE EVENTOS
OFICINA DE EVENTOS,2011 / 2012,EMPRESA DE EVENTOS
OFICINA DE EVENTOS,2009 / 2010,EMPRESA DE EVENTOS
OFICINA MECANICA GUAXINIM,2022,MANUTENÇÃO DE VEÍCULOS
OFTALMOCENTRO LTDA,2023,SERVIÇOS DE SAÚDE
OFTALMOLOGISTA BERNARDO MARTINS,2024,SERVIÇOS DE SAÚDE
OH! LINDA POUSADA,2019,HOSPEDAGEM 
OH! LINDA POUSADA,2018,HOSPEDAGEM
OK PRODUÇÕES,2024,EMPRESA DE EVENTOS
OK PRODUÇÕES,2023,EMPRESA DE EVENTOS
OK PRODUÇÕES,2019,EMPRESA DE EVENTOS
OK PRODUÇÕES,2022,EMPRESA DE EVENTOS
OK PRODUÇÕES,2018,EMPRESA DE EVENTOS
OKA ADMINISTRAÇÃO E ESCRITÓRIOS COMPARTILHADOS LTDA,2024,COWORKING
OLD CAVE,2025,ALIMENTAÇÃO FORA DO LAR
OLIVEIRA PETSHOP,2024,SERVIÇOS DE SAÚDE
OLIVEIRA PETSHOP,2023,SERVIÇOS DE SAÚDE
ÓRBITA BLUE,2024,ALIMENTAÇÃO FORA DO LAR
ÓRBITA BLUE,2023,ALIMENTAÇÃO FORA DO LAR
ORLA PRAIA CLUB LTDA	,2024,ALIMENTAÇÃO FORA DO LAR
ORUS ODONTOLOGIA PREMIUM,2025,SERVIÇOS DE SAÚDE
ÓTICA BENI,2025,LOJAS DE VAREJO
ÓTICA ESTAÇÃO POPULAR,2025,LOJAS DE VAREJO
ÓTICA JBL SOBRAL,2024,LOJAS DE VAREJO
OTICA ROSE VISION,2024,LOJAS DE VAREJO
OTICA SAN VALLENTIN,2025,LOJAS DE VAREJO
OTICAS ENCANTO LTDA,2025,LOJAS DE VAREJO
OTICAS MENESES,2025,LOJAS DE VAREJO
OTICAS NO PRECO,2024,LOJAS DE VAREJO
PADARIA ABENÇOADOS,2023,ALIMENTAÇÃO FORA DO LAR
PADARIA DELÍCIAS DO TRIGO,2013,ALIMENTAÇÃO FORA DO LAR
PADARIA DELÍCIAS DO TRIGO,2024,ALIMENTAÇÃO FORA DO LAR
PADARIA DELÍCIAS DO TRIGO,2017,ALIMENTAÇÃO FORA DO LAR
PADARIA DELÍCIAS DO TRIGO,2015,ALIMENTAÇÃO FORA DO LAR
PADARIA DELÍCIAS DO TRIGO,2014,ALIMENTAÇÃO FORA DO LAR
PADARIA IDEAL,2025,ALIMENTAÇÃO FORA DO LAR
PADARIA IDEAL,2016,ALIMENTAÇÃO FORA DO LAR
PADARIA PÃO MIX,2025,ALIMENTAÇÃO FORA DO LAR
PADARIA PÃO MIX,2019,ALIMENTAÇÃO FORA DO LAR
PADARIA PROGRESSO,2016,ALIMENTAÇÃO FORA DO LAR
PAIZINHA STUDIO DE BELEZA,2023,SERVIÇOS DE ESTÉTICA
PAIZINHA STUDIO DE BELEZA ,2024,SERVIÇOS DE ESTÉTICA
PAKARAKA PROMOCAO E ENTRETENIMENTO INFANTIL LTDA,2025,EMPRESA DE EVENTOS
PAKATO GRILL,2024,ALIMENTAÇÃO FORA DO LAR
PAKATO GRILL,2023,ALIMENTAÇÃO FORA DO LAR
PAKATO GRILL,2022,ALIMENTAÇÃO FORA DO LAR
PAKATO GRILL,2019,ALIMENTAÇÃO FORA DO LAR
PALADARS,2016,ALIMENTAÇÃO FORA DO LAR
PALADARS,2015,ALIMENTAÇÃO FORA DO LAR
PALHOCA GRIL,2024,ALIMENTAÇÃO FORA DO LAR
PALHOÇA SEREIA,2011 / 2012,ALIMENTAÇÃO FORA DO LAR
PANIFICADORA & DELICATESSEN ABENÇOADOS,2024,ALIMENTAÇÃO FORA DO LAR
PANIFICADORA & DELICATESSEN ABENÇOADOS,2019,ALIMENTAÇÃO FORA DO LAR
PANIFICADORA NOSSA SENHORA PERPÉTUO SOCORRO,2017,ALIMENTAÇÃO FORA DO LAR
PANIFICADORA NOSSA SENHORA PERPÉTUO SOCORRO,2016,ALIMENTAÇÃO FORA DO LAR
PANIFICADORA SANTA RITA,2017,ALIMENTAÇÃO FORA DO LAR
PANIFICADORA SANTA RITA,2016,ALIMENTAÇÃO FORA DO LAR
PANORAMA HOTEL,2016,HOSPEDAGEM
PANUTRI PÃES E SABORES,2019,ALIMENTAÇÃO FORA DO LAR
PANUTRI PÃES E SABORES,2018,ALIMENTAÇÃO FORA DO LAR
PARADA DO LANCHE,2024,ALIMENTAÇÃO FORA DO LAR
PARENTE ODONTOLOGIA INTEGRADA,2024,SERVIÇOS DE SAÚDE
PARENTE ODONTOLOGIA INTEGRADA,2023,SERVIÇOS DE SAÚDE
PARENTE ODONTOLOGIA INTEGRADA,2022,SERVIÇOS DE SAUDE
PARKING NOVO HORIZONTE,2024,ALIMENTAÇÃO FORA DO LAR
PARQUE DAS TRILHAS,2025,EMPRESA DE EVENTOS
PARQUE RODEIO,2025,ALIMENTAÇÃO FORA DO LAR
PARQUE RODEIO,2024,ALIMENTAÇÃO FORA DO LAR
PASARGADA HOTEL & POUSADA LTDA,2025,HOSPEDAGEM 
PASTEL.COM,2024,ALIMENTAÇÃO FORA DO LAR
PASTELARIA DO BOTECO,2019,ALIMENTAÇÃO FORA DO LAR
PASTO & PIZZAS,2025,ALIMENTAÇÃO FORA DO LAR
PASTO & PIZZAS,2015,ALIMENTAÇÃO FORA DO LAR
PASTO & PIZZAS,2014,ALIMENTAÇÃO FORA DO LAR
PASTO & PIZZAS,2024,ALIMENTAÇÃO FORA DO LAR
PASTO & PIZZAS,2019,ALIMENTAÇÃO FORA DO LAR
PASTO & PIZZAS,2018,ALIMENTAÇÃO FORA DO LAR
PASTO & PIZZAS,2013,ALIMENTAÇÃO FORA DO LAR
PASTO & PIZZAS,2022,ALIMENTAÇÃO FORA DO LAR
PASTO & PIZZAS,2016,ALIMENTAÇÃO FORA DO LAR
PASTO & PIZZAS - 13 DE MAIO,2022,ALIMENTAÇÃO FORA DO LAR
PASTO & PIZZAS - 13 DE MAIO,2019,ALIMENTAÇÃO FORA DO LAR
PASTO & PIZZAS - 13 DE MAIO,2015,ALIMENTAÇÃO FORA DO LAR
PASTO & PIZZAS,2017,ALIMENTAÇÃO FORA DO LAR
PASTO & PIZZAS - 13 DE MAIO,2016,ALIMENTAÇÃO FORA DO LAR
PASTO & PIZZAS - 13 DE MAIO,2014,ALIMENTAÇÃO FORA DO LAR
PASTO & PIZZAS - ALDEOTA,2015,ALIMENTAÇÃO FORA DO LAR
PASTO & PIZZAS - ALDEOTA,2017,ALIMENTAÇÃO FORA DO LAR
PASTO & PIZZAS - ALDEOTA,2016,ALIMENTAÇÃO FORA DO LAR
PASTO & PIZZAS - BARÃO DE STUDART,2014,ALIMENTAÇÃO FORA DO LAR
PASTO & PIZZAS - DOM LUIS,2015,ALIMENTAÇÃO FORA DO LAR
PASTO & PIZZAS - DOM LUIS,2019,ALIMENTAÇÃO FORA DO LAR
PASTO & PIZZAS - DOM LUIS,2014,ALIMENTAÇÃO FORA DO LAR
PASTO & PIZZAS - DOM LUIS,2017,ALIMENTAÇÃO FORA DO LAR
PASTO & PIZZAS - DOM LUIS,2016,ALIMENTAÇÃO FORA DO LAR
PASTO & PIZZAS - EMPORIO MARCO POLO,2023,ALIMENTAÇÃO FORA DO LAR
PASTO & PIZZAS - SALINAS,2019,ALIMENTAÇÃO FORA DO LAR
PASTO & PIZZAS - SALINAS,2015,ALIMENTAÇÃO FORA DO LAR
PASTO & PIZZAS - SALINAS,2017,ALIMENTAÇÃO FORA DO LAR
PASTO & PIZZAS - SALINAS,2016,ALIMENTAÇÃO FORA DO LAR
PASTO & PIZZAS - SALINAS,2014,ALIMENTAÇÃO FORA DO LAR
PÁTIO D'ALMEIDA,2024,ALIMENTAÇÃO FORA DO LAR
"PATRONI PIZZAS, CARNES E MASSAS",2018,ALIMENTAÇÃO FORA DO LAR
"PATRONI PIZZAS, CARNES E MASSAS",2016,ALIMENTAÇÃO FORA DO LAR
PAUSA HOTEL,2016,HOSPEDAGEM
PEREGRINA DRIPP COFFEE,2024,ALIMENTAÇÃO FORA DO LAR
PERTO DO FOGO COMÉRCIO DE ALIMENTOS E BEBIDA,2023,ALIMENTAÇÃO FORA DO LAR
PET CENTER SOBRAL,2024,SERVIÇOS DE SAÚDE
PET CENTER SOBRAL,2023,SERVIÇOS DE SAÚDE
PHARMAVIE,2024,SERVIÇOS DE SAÚDE
PHARMAVIE SOBRAL FARMÁCIA COM MANIPULAÇÃO,2023,SERVIÇOS DE SAÚDE
PICANHA DO ARLINDO,2015,ALIMENTAÇÃO FORA DO LAR
PICANHA DO ARLINDO,2013,ALIMENTAÇÃO FORA DO LAR
PICANHA DO ARLINDO,2016,ALIMENTAÇÃO FORA DO LAR
PINHEIRO E SILVA CIA LTDA,2024,ALIMENTAÇÃO FORA DO LAR
PINHEIRO HOTEL,2019,HOSPEDAGEM 
PINHEIRO HOTEL,2018,HOSPEDAGEM
PINHEIRO HOTEL,2017,HOSPEDAGEM
PINHEIRO HOTEL,2016,HOSPEDAGEM
PINHEIROS RESTAURANTE,2023,ALIMENTAÇÃO FORA DO LAR
PINHEIROS RESTAURANTE,2019,ALIMENTAÇÃO FORA DO LAR
PINHEIROS RESTAURANTE,2018,ALIMENTAÇÃO FORA DO LAR
PINHEIROS RESTAURANTE ,2022,ALIMENTAÇÃO FORA DO LAR
PIZZA BAR,2015,ALIMENTAÇÃO FORA DO LAR
PIZZA DOG,2015,ALIMENTAÇÃO FORA DO LAR
PIZZARIA ÁGUA NA BOCA,2025,ALIMENTAÇÃO FORA DO LAR
PIZZARIA ÁGUA NA BOCA,2023,ALIMENTAÇÃO FORA DO LAR
PIZZARIA ÁGUA NA BOCA,2022,ALIMENTAÇÃO FORA DO LAR
PIZZARIA ÁGUA NA BOCA,2018,ALIMENTAÇÃO FORA DO LAR
PIZZARIA COLISEU,2016,ALIMENTAÇÃO FORA DO LAR
PIZZARIA DOM LAZZIO,2023,ALIMENTAÇÃO FORA DO LAR
PIZZARIA E RESTAURANTE NEVADA,2009 / 2010,ALIMENTAÇÃO FORA DO LAR
PIZZARIA PAULISTA,2024,ALIMENTAÇÃO FORA DO LAR
PLANETA TUR,2024,AGÊNCIA DE VIAGENS 
PLANETA TUR,2023,AGÊNCIA DE VIAGENS 
PLUS EMPREENDIMENTOS,2025,LOJAS DE VAREJO
PODIUM ACADEMIAS,2024,ACADEMIA
POINT DO LAGO,2023,ALIMENTAÇÃO FORA DO LAR
POLLGREEN IRISH PUB,2019,ALIMENTAÇÃO FORA DO LAR
POLLGREEN IRISH PUB,2024,ALIMENTAÇÃO FORA DO LAR
PONTO DO CUPIM,2016,ALIMENTAÇÃO FORA DO LAR
PORTO DAS DUNAS BOUTIQUE PRAIA HOTEL,2023,HOSPEDAGEM
PORTO DAS DUNAS BOUTIQUE PRAIA HOTEL,2024,HOSPEDAGEM 
POSTO FROTAS,2025,LOJAS DE VAREJO
POSTURE FISIOTERAPIA,2022,SERVIÇOS DE SAUDE
POUSADA & RESTAURANTE CARCARÁ,2022,HOSPEDAGEM
POUSADA ALMOFALA BEACH,2022,HOSPEDAGEM
POUSADA ALMOFALA BEACH,2023,HOSPEDAGEM
POUSADA ALVORADA,2024,HOSPEDAGEM 
POUSADA AMOR A MAR,2023,HOSPEDAGEM
POUSADA AMOR A MAR,2019,HOSPEDAGEM 
POUSADA ARCO ÍRIS,2024,HOSPEDAGEM 
POUSADA AREIAS DE FLECHEIRAS,2025,HOSPEDAGEM 
POUSADA BAOBÁ JERI ,2024,HOSPEDAGEM 
POUSADA BOUGAINVILLE ICARAI,2024,HOSPEDAGEM 
POUSADA BOUGAINVILLE ICARAI,2023,HOSPEDAGEM
POUSADA BRISA DEL MAR,2023,HOSPEDAGEM
POUSADA BRISA DEL MAR,2022,HOSPEDAGEM
POUSADA BRISA DO RIO,2025,HOSPEDAGEM 
POUSADA CABANAS DA SERRA,2022,HOSPEDAGEM
POUSADA CAFÉ BRASIL,2025,HOSPEDAGEM 
POUSADA CAFÉ ZAPATA,2022,HOSPEDAGEM
POUSADA CANOÉ BRASIL,2024,HOSPEDAGEM 
POUSADA CANOÉ BRASIL,2023,HOSPEDAGEM
POUSADA CAPITÃO THOMAZ,2023,HOSPEDAGEM
POUSADA CAPITÃO THOMAZ,2024,HOSPEDAGEM 
POUSADA CASA DO ANGELO,2024,HOSPEDAGEM 
POUSADA CASA DO ANGELO,2019,HOSPEDAGEM 
POUSADA CASA DO ANGELO,2017,HOSPEDAGEM
POUSADA CASA DO ANGELO,2015,HOSPEDAGEM
POUSADA CASA DO ANGELO,2014,HOSPEDAGEM
POUSADA CASA DO ANGELO,2022,HOSPEDAGEM
POUSADA CASA DO ANGELO,2016,HOSPEDAGEM
POUSADA CASA DO ANGELO,2013,HOSPEDAGEM
POUSADA CASA DO ANGELO,2011 / 2012,HOSPEDAGEM
POUSADA CASA DO ANGELO,2009 / 2010,HOSPEDAGEM
POUSADA CASA DO ANGELO,2023,HOSPEDAGEM
POUSADA CATAVENTO HOSPEDAGEM E TRANSPORTE,2022,HOSPEDAGEM
POUSADA CATAVENTO HOSPEDAGEM E TRANSPORTE,2024,HOSPEDAGEM 
POUSADA CATAVENTO HOSPEDAGEM E TRANSPORTE,2023,HOSPEDAGEM
POUSADA CHEZ LORAN VIP,2016,HOSPEDAGEM
POUSADA CHEZ LORAN VIP,2019,HOSPEDAGEM 
POUSADA CHEZ TOI,2024,HOSPEDAGEM 
POUSADA COCO BABAÇU,2025,HOSPEDAGEM 
POUSADA DA JOSY,2019,HOSPEDAGEM 
POUSADA DA JOSY,2018,HOSPEDAGEM
POUSADA DA JOSY,2017,HOSPEDAGEM
POUSADA DA JOSY,2016,HOSPEDAGEM
POUSADA DEPRAIABRASIL,2025,HOSPEDAGEM 
POUSADA DEPRAIABRASIL,2022,HOSPEDAGEM
POUSADA DIANE,2025,HOSPEDAGEM 
POUSADA DO LAGO,2025,HOSPEDAGEM 
POUSADA DO PAIVA,2019,HOSPEDAGEM 
POUSADA DO PAIVA,2018,HOSPEDAGEM
POUSADA DO PAIVA,2014,HOSPEDAGEM
POUSADA DO PAIVA,2013,HOSPEDAGEM
POUSADA DO PAIVA,2011 / 2012,HOSPEDAGEM
POUSADA DO PAIVA ,2024,HOSPEDAGEM 
POUSADA DOS CAPUCHINHOS,2025,HOSPEDAGEM 
POUSADA DOS CAPUCHINHOS,2019,HOSPEDAGEM 
POUSADA DOS COQUEIROS,2016,HOSPEDAGEM
POUSADA DOS COQUEIROS,2015,HOSPEDAGEM
POUSADA DOS COQUEIROS,2014,HOSPEDAGEM
POUSADA DOS COQUEIROS,2013,HOSPEDAGEM
POUSADA E RESTAURANTE CARCARÁ,2019,HOSPEDAGEM 
POUSADA E RESTAURANTE JUNDUH BRASIL,2022,ALIMENTAÇÃO FORA DO LAR
POUSADA E RESTAURANTE NOMADE KITE CAMP LTDA,2022,HOSPEDAGEM
POUSADA E RESTAURANTE PARAISO NATURAL ,2024,ALIMENTAÇÃO FORA DO LAR
POUSADA E RESTAURANTE PLANALTO,2023,HOSPEDAGEM
POUSADA E RESTAURANTE SOMBRA DOS COQUEIROS LTDA,2023,HOSPEDAGEM
POUSADA EMÍDIO,2023,HOSPEDAGEM
POUSADA EMÍDIO,2022,HOSPEDAGEM
POUSADA GRUTA,2025,HOSPEDAGEM 
POUSADA GRUTA,2019,EMPRESA DE EVENTOS
POUSADA GRUTA,2018,HOSPEDAGEM
POUSADA HIBISCO,2022,HOSPEDAGEM
POUSADA ICARAIZINHO PRAIA,2024,HOSPEDAGEM 
POUSADA ICARAIZINHO PRAIA,2023,HOSPEDAGEM
POUSADA ITAREMA RESIDENCE,2022,HOSPEDAGEM
POUSADA JANELAS DO MAR,2024,HOSPEDAGEM 
HOTEL JANGADAS,2017,HOSPEDAGEM
HOTEL JANGADAS,2016,HOSPEDAGEM
HOTEL JANGADAS,2015,HOSPEDAGEM
HOTEL JANGADAS,2014,HOSPEDAGEM
HOTEL JANGADAS,2011 / 2012,HOSPEDAGEM
HOTEL JANGADAS,2009 / 2010,HOSPEDAGEM
POUSADA JARDIM DOS ORIXÁS,2018,HOSPEDAGEM
POUSADA JERI ,2023,HOSPEDAGEM
POUSADA JERI DUNAS,2022,HOSPEDAGEM
POUSADA JERI DUNAS,2018,HOSPEDAGEM
POUSADA JERI DUNAS ,2024,HOSPEDAGEM 
POUSADA JERI DUNAS ,2019,HOSPEDAGEM 
POUSADA JERIBÁ,2024,HOSPEDAGEM 
POUSADA JERIBÁ,2023,HOSPEDAGEM
POUSADA JERIBÁ,2019,HOSPEDAGEM 
POUSADA JERIBÁ,2018,HOSPEDAGEM
POUSADA JERIBÁ,2017,HOSPEDAGEM
POUSADA JERIBÁ,2016,HOSPEDAGEM
POUSADA JERIBÁ,2015,HOSPEDAGEM
POUSADA JERIBÁ,2014,HOSPEDAGEM
POUSADA JERIBÁ,2009 / 2010,HOSPEDAGEM
POUSADA JUNDUH,2024,HOSPEDAGEM 
POUSADA KANALOA,2017,HOSPEDAGEM
POUSADA LA DOLCE VITA,2025,HOSPEDAGEM 
POUSADA LA DOLCE VITA,2024,HOSPEDAGEM 
POUSADA LA DOLCE VITA,2022,HOSPEDAGEM
POUSADA LA DOLCE VITA,2017,HOSPEDAGEM
POUSADA LATITUDE,2024,HOSPEDAGEM 
POUSADA LATITUDE,2023,HOSPEDAGEM
POUSADA LATITUDE,2022,HOSPEDAGEM
POUSADA LATITUDE,2019,HOSPEDAGEM 
POUSADA LATITUDE,2018,HOSPEDAGEM
POUSADA LATITUDE,2017,HOSPEDAGEM
POUSADA LATITUDE,2016,HOSPEDAGEM
POUSADA LATITUDE,2015,HOSPEDAGEM
POUSADA LATITUDE,2014,HOSPEDAGEM
POUSADA LATITUDE,2021,HOSPEDAGEM
POUSADA LE REVE,2014,HOSPEDAGEM
POUSADA LE RÊVE,2018,HOSPEDAGEM
POUSADA LE RÊVE,2017,HOSPEDAGEM
POUSADA LE RÊVE,2016,HOSPEDAGEM
POUSADA LE RÊVE,2015,HOSPEDAGEM
POUSADA LES ALIZES,2022,HOSPEDAGEM
POUSADA LIRIOS DO CAMPO,2024,HOSPEDAGEM 
POUSADA LOGRADOURO,2022,HOSPEDAGEM
POUSADA MATUSA,2025,HOSPEDAGEM 
POUSADA MEU PARAISO LAGOINHA,2025,HOSPEDAGEM 
POUSADA MORADA DO SOL,2023,HOSPEDAGEM
POUSADA PARAÍSO,2018,HOSPEDAGEM
POUSADA PARAÍSO,2017,HOSPEDAGEM
POUSADA PARAÍSO,2016,HOSPEDAGEM
POUSADA PARAÍSO,2015,HOSPEDAGEM
POUSADA PARAÍSO,2019,HOSPEDAGEM 
POUSADA PITOMBEIRA,2017,HOSPEDAGEM
POUSADA PITOMBEIRA,2016,HOSPEDAGEM
POUSADA PITOMBEIRA,2015,HOSPEDAGEM
POUSADA PITOMBEIRA,2014,HOSPEDAGEM
POUSADA PITOMBEIRA,2013,HOSPEDAGEM
POUSADA PITOMBEIRA,2011 / 2012,HOSPEDAGEM
POUSADA PITOMBEIRA,2009 / 2010,HOSPEDAGEM
POUSADA PLANALTO,2022,HOSPEDAGEM
POUSADA PLANALTO,2019,HOSPEDAGEM 
POUSADA PLANALTO,2018,HOSPEDAGEM
POUSADA PLANALTO,2017,HOSPEDAGEM
POUSADA PLANALTO,2016,HOSPEDAGEM
POUSADA PURA VIDA,2015,HOSPEDAGEM
POUSADA RAMILLOS,2022,HOSPEDAGEM
POUSADA RANCHO DO PEIXE,2024,ALIMENTAÇÃO FORA DO LAR
POUSADA RANCHO DO PEIXE,2009 / 2010,HOSPEDAGEM
POUSADA RED HOUSE,2016,HOSPEDAGEM
POUSADA RESIDENCE OCEANUS,2014,HOSPEDAGEM
POUSADA SANTO ANDRÉ – O APÓSTOLO,2015,HOSPEDAGEM
POUSADA SÃO PEDRO,2024,HOSPEDAGEM 
POUSADA SERRA BELA,2024,HOSPEDAGEM 
POUSADA SERRA VERDE,2022,HOSPEDAGEM
POUSADA SERRA VERDE,2019,EMPRESA DE EVENTOS
POUSADA SERRA VERDE,2016,HOSPEDAGEM
POUSADA SERRA VERDE,2015,HOSPEDAGEM
POUSADA SERRANA,2023,HOSPEDAGEM
POUSADA SERRANA,2022,HOSPEDAGEM
POUSADA SÍTIO IPÊ,2014,HOSPEDAGEM
POUSADA SÍTIO IPÊ,2018,HOSPEDAGEM
POUSADA SOL & LUA,2011 / 2012,HOSPEDAGEM
POUSADA SOL & LUA,2009 / 2010,HOSPEDAGEM
POUSADA SOL & LUA,2016,HOSPEDAGEM
POUSADA SOL & LUA,2013,HOSPEDAGEM
POUSADA SOLLARI,2024,HOSPEDAGEM 
POUSADA SOLONÓPOLE,2022,HOSPEDAGEM
POUSADA SOLONÓPOLE,2024,HOSPEDAGEM 
POUSADA SOLONÓPOLE,2023,HOSPEDAGEM
POUSADA SOLONÓPOLE,2019,HOSPEDAGEM 
POUSADA SOLONÓPOLE,2018,HOSPEDAGEM
POUSADA SOMBRA DO JUÁ,2014,HOSPEDAGEM
POUSADA SURFING JERI,2018,HOSPEDAGEM
POUSADA SURFING JERI,2017,HOSPEDAGEM
POUSADA TRANQUILANDIA VILLAGE,2024,HOSPEDAGEM 
POUSADA TRANQUILANDIA VILLAGE,2023,HOSPEDAGEM
POUSADA TRANQUILANDIA VILLAGE,2022,HOSPEDAGEM
POUSADA VARANDA AMAR,2024,HOSPEDAGEM 
POUSADA VELHO CHICO,2023,HOSPEDAGEM
POUSADA VELHO CHICO ,2024,HOSPEDAGEM 
POUSADA VENTO DE JERI,2019,HOSPEDAGEM 
POUSADA VENTO DE JERI,2018,HOSPEDAGEM
POUSADA VENTO DE JERI,2017,HOSPEDAGEM
POUSADA VENTO DE JERI,2023,HOSPEDAGEM
POUSADA VENTO DE JERI,2022,HOSPEDAGEM
POUSADA VENTO VINTE,2025,HOSPEDAGEM 
POUSADA VENTOS DO GUAJIRU,2022,HOSPEDAGEM
POUSADA VILA KALANGO,2023,HOSPEDAGEM
POUSADA VILA KALANGO ,2024,HOSPEDAGEM 
POUSADA VILA VAGALUME,2024,HOSPEDAGEM 
POUSADA VILLA MANGO,2023,HOSPEDAGEM
POUSADA VILLA PONTINHA,2025,HOSPEDAGEM 
PRAIA DAS FONTES HOTEL & RESORT,2018,HOSPEDAGEM
PRAIA DAS FONTES HOTEL & RESORT,2016,HOSPEDAGEM
PRAIA DAS FONTES HOTEL E RESORT,2014,HOSPEDAGEM
PRÁTICA EVENTOS,2023,EMPRESA DE EVENTOS
PRÁTICA EVENTOS,2022,EMPRESA DE EVENTOS
PRÁTICA EVENTOS,2019,EMPRESA DE EVENTOS
PRÁTICA EVENTOS,2018,EMPRESA DE EVENTOS
PRÁTICA EVENTOS,2016,EMPRESA DE EVENTOS
PRÁTICA EVENTOS,2014,EMPRESA DE EVENTOS
PRÁTICA EVENTOS,2013,EMPRESA DE EVENTOS
PRÁTICA EVENTOS,2011 / 2012,EMPRESA DE EVENTOS
PRÁTICA EVENTOS,2009 / 2010,EMPRESA DE EVENTOS
PRÁTICA EVENTOS,2024,EMPRESA DE EVENTOS
PREMIBEER CERVEJARIA LTDA,2023,ALIMENTAÇÃO FORA DO LAR
PREMIBEER CERVEJARIA LTDA,2022,ALIMENTAÇÃO FORA DO LAR
PREMIBEER CERVEJARIA LTDA,2024,ALIMENTAÇÃO FORA DO LAR
PREMIUM GASTROBAR,2019,ALIMENTAÇÃO FORA DO LAR
PREMIUM HOTEL,2022,HOSPEDAGEM
PREMIUM HOTEL,2019,HOSPEDAGEM 
PREMIUM HOTEL,2017,HOSPEDAGEM
PREZIOSA,2023,SERVIÇOS DE ESTÉTICA
PRIMO PIATO,2024,ALIMENTAÇÃO FORA DO LAR
PRIMO PIATO,2023,ALIMENTAÇÃO FORA DO LAR
PRISCILA OLIVEIRA DE SOUSA RESTAURANTE,2023,ALIMENTAÇÃO FORA DO LAR
PROATIVA EVENTOS,2025,EMPRESA DE EVENTOS
PROFITNESS MACHINE ACADEMIA,2023,ACADEMIA
"PROLIMPO ATACADO E VAREJO EM HIGIENE, LIMPEZA E DESCARTAVEIS LTDA",2024,LOJAS DE VAREJO
PRONTO CLINICA DE FORTALEZA,2023,SERVIÇOS DE SAÚDE
PROSPERALI REFEIÇÕES COLETIVAS,2022,ALIMENTAÇÃO FORA DO LAR
PROVIDA E SAÚDE ESPAÇO ESTÉTICA,2024,SERVIÇOS DE SAÚDE
PRUMAR  AÇAITERIA,2023,ALIMENTAÇÃO FORA DO LAR
PURA VIDA BEACH HOUSE,2022,HOSPEDAGEM
QUIONDA FAST FOOD,2019,ALIMENTAÇÃO FORA DO LAR
R GYM,2023,ACADEMIA
R R GYM,2024,ACADEMIA
RAFA’S GOUMERT,2014,ALIMENTAÇÃO FORA DO LAR
RAFA’S GOUMERT,2017,ALIMENTAÇÃO FORA DO LAR
RAFA’S GOUMERT,2016,ALIMENTAÇÃO FORA DO LAR
RAFA’S GOUMERT,2015,ALIMENTAÇÃO FORA DO LAR
RAMILOS HOTELARIA LTDA,2024,HOSPEDAGEM 
RAMILOS HOTELARIA LTDA,2023,HOSPEDAGEM
RANCHO DO PEIXE,2023,ALIMENTAÇÃO FORA DO LAR
RAPI 10 COMERCIO E SERVICOS DE LIMPEZA,2024,LOJAS DE VAREJO
REALTUR TURISMO,2023,AGÊNCIA DE VIAGENS 
RECANTO DO BARÃO POUSADA,2023,HOSPEDAGEM
RECANTO DO BARÃO POUSADA,2019,HOSPEDAGEM 
RECANTO DO BARÃO POUSADA,2024,HOSPEDAGEM 
RECANTO DO BARÃO POUSADA,2017,HOSPEDAGEM
RECANTO DO BARÃO POUSADA,2011 / 2012,HOSPEDAGEM
REMANSO HOTEL DA SERRA,2014,HOSPEDAGEM
REMANSO HOTEL DE SERRA,2022,HOSPEDAGEM
REMANSO HOTEL DE SERRA,2024,HOSPEDAGEM 
REMANSO HOTEL DE SERRA,2023,HOSPEDAGEM
REMANSO HOTEL DE SERRA,2019,HOSPEDAGEM 
REMANSO HOTEL DE SERRA,2018,HOSPEDAGEM
REMANSO HOTEL DE SERRA,2017,HOSPEDAGEM
REMANSO HOTEL DE SERRA,2016,HOSPEDAGEM
REMANSO HOTEL DE SERRA,2015,HOSPEDAGEM
REMANSO HOTEL DE SERRA,2013,HOSPEDAGEM
REMANSO HOTEL DE SERRA,2011 / 2012,HOSPEDAGEM
RESENHA GASTROBAR,2023,ALIMENTAÇÃO FORA DO LAR
RESTAURANTE 44,2023,ALIMENTAÇÃO FORA DO LAR
RESTAURANTE 5 ESTRELAS - FABIO RODRIGUES PINTO,2023,ALIMENTAÇÃO FORA DO LAR
RESTAURANTE ÁGUA VIVA,2015,ALIMENTAÇÃO FORA DO LAR
RESTAURANTE ÁGUA VIVA,2013,ALIMENTAÇÃO FORA DO LAR
RESTAURANTE AREIAS COLORIDAS,2016,ALIMENTAÇÃO FORA DO LAR
RESTAURANTE AREIAS COLORIDAS,2014,ALIMENTAÇÃO FORA DO LAR
RESTAURANTE AREIAS COLORIDAS,2015,ALIMENTAÇÃO FORA DO LAR
RESTAURANTE AREIAS COLORIDAS,2013,ALIMENTAÇÃO FORA DO LAR
RESTAURANTE AREIAS COLORIDAS,2011 / 2012,ALIMENTAÇÃO FORA DO LAR
RESTAURANTE AREIAS COLORIDAS,2009 / 2010,ALIMENTAÇÃO FORA DO LAR
RESTAURANTE AROMA ICARAIZINHO,2023,ALIMENTAÇÃO FORA DO LAR
RESTAURANTE AROMA ICARAIZINHO,2022,ALIMENTAÇÃO FORA DO LAR
RESTAURANTE BASÍLICO,2014,ALIMENTAÇÃO FORA DO LAR
RESTAURANTE BEIRA MAR,2019,ALIMENTAÇÃO FORA DO LAR
RESTAURANTE BEIRA MAR,2015,ALIMENTAÇÃO FORA DO LAR
RESTAURANTE BEIRA MAR,2013,ALIMENTAÇÃO FORA DO LAR
RESTAURANTE BEM ME QUER,2018,ALIMENTAÇÃO FORA DO LAR
RESTAURANTE BENJAMIM XAVIER LTDA,2023,ALIMENTAÇÃO FORA DO LAR
RESTAURANTE BENJAMIM XAVIER LTDA,2024,ALIMENTAÇÃO FORA DO LAR
RESTAURANTE BEZERRA,2018,ALIMENTAÇÃO FORA DO LAR
RESTAURANTE BOM MOTIVO,2016,ALIMENTAÇÃO FORA DO LAR
RESTAURANTE BOM MOTIVO,2011 / 2012,ALIMENTAÇÃO FORA DO LAR
RESTAURANTE BOM MOTIVO,2009 / 2010,ALIMENTAÇÃO FORA DO LAR
RESTAURANTE CACIQUE,2017,ALIMENTAÇÃO FORA DO LAR
RESTAURANTE CACIQUE,2016,ALIMENTAÇÃO FORA DO LAR
RESTAURANTE CACIQUE,2015,ALIMENTAÇÃO FORA DO LAR
RESTAURANTE CACIQUE,2014,ALIMENTAÇÃO FORA DO LAR
RESTAURANTE CACIQUE,2024,ALIMENTAÇÃO FORA DO LAR
RESTAURANTE CACIQUE,2023,ALIMENTAÇÃO FORA DO LAR
RESTAURANTE CANTINHO DO FRANGO SUL,2022,ALIMENTAÇÃO FORA DO LAR
RESTAURANTE CARAVELA,2023,ALIMENTAÇÃO FORA DO LAR
RESTAURANTE CARAVELA ,2024,ALIMENTAÇÃO FORA DO LAR
RESTAURANTE CARNEIRO DO DINIZ,2023,ALIMENTAÇÃO FORA DO LAR
RESTAURANTE CAROÁ,2015,ALIMENTAÇÃO FORA DO LAR
RESTAURANTE CÍCERO’S,2013,ALIMENTAÇÃO FORA DO LAR
RESTAURANTE CONIMAKI,2013,ALIMENTAÇÃO FORA DO LAR
RESTAURANTE COSTA VERDE,2016,ALIMENTAÇÃO FORA DO LAR
RESTAURANTE DA FAZENDA SANTO EXPEDITO,2024,ALIMENTAÇÃO FORA DO LAR
RESTAURANTE DA TOINHA,2025,ALIMENTAÇÃO FORA DO LAR
DELÍCIAS DAS JANGADAS,2015,ALIMENTAÇÃO FORA DO LAR
DELÍCIAS DAS JANGADAS,2011 / 2012,ALIMENTAÇÃO FORA DO LAR
DELÍCIAS DAS JANGADAS,2019,ALIMENTAÇÃO FORA DO LAR
DELÍCIAS DAS JANGADAS,2023,ALIMENTAÇÃO FORA DO LAR
RESTAURANTE DOM CHURRASCO,2017,ALIMENTAÇÃO FORA DO LAR
RESTAURANTE DONACARMO LTDA,2025,ALIMENTAÇÃO FORA DO LAR
RESTAURANTE E PIZZARIA HUED LTDA - PIZZA VILLAS,2023,ALIMENTAÇÃO FORA DO LAR
RESTAURANTE E PIZZARIA MOINHO DOS VENTOS ,2024,ALIMENTAÇÃO FORA DO LAR
RESTAURANTE E PIZZARIA NOSSO BAR,2019,ALIMENTAÇÃO FORA DO LAR
RESTAURANTE E PIZZARIA ONDA DO MAR,2023,ALIMENTAÇÃO FORA DO LAR
RESTAURANTE E PIZZARIA PAU D´ARCO,2022,ALIMENTAÇÃO FORA DO LAR
RESTAURANTE E PIZZARIA PAU D´ARCO,2023,ALIMENTAÇÃO FORA DO LAR
RESTAURANTE E PIZZARIA PAU D´ARCO,2016,ALIMENTAÇÃO FORA DO LAR
RESTAURANTE E PIZZARIA PAU D´ARCO,2021,ALIMENTAÇÃO FORA DO LAR
RESTAURANTE E PIZZARIA PAU D´ARCO,2015,ALIMENTAÇÃO FORA DO LAR
RESTAURANTE E PIZZARIA PAU D´ARCO,2024,ALIMENTAÇÃO FORA DO LAR
RESTAURANTE E PIZZARIA PAU D´ARCO,2017,ALIMENTAÇÃO FORA DO LAR
RESTAURANTE E POUSADA HIBISCO,2024,ALIMENTAÇÃO FORA DO LAR
RESTAURANTE E POUSADA HIBISCO,2023,ALIMENTAÇÃO FORA DO LAR
RESTAURANTE ENCOSTA DA SERRA,2016,HOSPEDAGEM
RESTAURANTE FINO SABOR,2019,ALIMENTAÇÃO FORA DO LAR
RESTAURANTE GALINHA CAIPIRA,2024,ALIMENTAÇÃO FORA DO LAR
RESTAURANTE GALINHA CAIPIRA,2023,ALIMENTAÇÃO FORA DO LAR
RESTAURANTE GALINHA CAIPIRA,2022,ALIMENTAÇÃO FORA DO LAR
RESTAURANTE HABACUQUE,2017,ALIMENTAÇÃO FORA DO LAR
RESTAURANTE JUNDUH BRASIL,2024,ALIMENTAÇÃO FORA DO LAR
RESTAURANTE JUNDUH BRASIL,2023,ALIMENTAÇÃO FORA DO LAR
RESTAURANTE KANTO DO MAR,2017,ALIMENTAÇÃO FORA DO LAR
RESTAURANTE MAIS KI RAPAIZ,2025,ALIMENTAÇÃO FORA DO LAR
RESTAURANTE MANACÁ,2025,ALIMENTAÇÃO FORA DO LAR
RESTAURANTE MANACÁ DA SERRA,2023,ALIMENTAÇÃO FORA DO LAR
RESTAURANTE MANZARI RECEPTIVO,2013,ALIMENTAÇÃO FORA DO LAR
RESTAURANTE MARÉ ALTA FLECHEIRAS,2023,ALIMENTAÇÃO FORA DO LAR
RESTAURANTE MARIA BASTOS,2024,ALIMENTAÇÃO FORA DO LAR
RESTAURANTE MARIA BONITA,2019,ALIMENTAÇÃO FORA DO LAR
RESTAURANTE MARIA BONITA,2018,ALIMENTAÇÃO FORA DO LAR
RESTAURANTE MARIA FLOR,2019,ALIMENTAÇÃO FORA DO LAR
RESTAURANTE MARÍTIMO ,2024,ALIMENTAÇÃO FORA DO LAR
RESTAURANTE MEU BHAR,2024,ALIMENTAÇÃO FORA DO LAR
RESTAURANTE MIZAKI,2013,ALIMENTAÇÃO FORA DO LAR
RESTAURANTE NEVOAR,2019,ALIMENTAÇÃO FORA DO LAR
RESTAURANTE NEVOAR,2018,ALIMENTAÇÃO FORA DO LAR
RESTAURANTE NOSSO BAR,2018,ALIMENTAÇÃO FORA DO LAR
RESTAURANTE NOVA ESPERANÇA ,2024,ALIMENTAÇÃO FORA DO LAR
RESTAURANTE PALADARIS,2013,ALIMENTAÇÃO FORA DO LAR
RESTAURANTE PÁTIO GRILL,2024,ALIMENTAÇÃO FORA DO LAR
RESTAURANTE PÁTIO GRILL,2023,ALIMENTAÇÃO FORA DO LAR
RESTAURANTE PIMENTA VERDE,2017,ALIMENTAÇÃO FORA DO LAR
RESTAURANTE PIMENTA VERDE,2016,ALIMENTAÇÃO FORA DO LAR
RESTAURANTE PIMENTA VERDE,2013,ALIMENTAÇÃO FORA DO LAR
RESTAURANTE PIZZARIA PIAZZA ITÁLIA,2018,ALIMENTAÇÃO FORA DO LAR
RESTAURANTE RAÍZES,2015,ALIMENTAÇÃO FORA DO LAR
RESTAURANTE RAÍZES,2011 / 2012,ALIMENTAÇÃO FORA DO LAR
RESTAURANTE RAÍZES,2016,ALIMENTAÇÃO FORA DO LAR
RESTAURANTE RAÍZES,2013,ALIMENTAÇÃO FORA DO LAR
RESTAURANTE REGINA BENEVIDES,2017,ALIMENTAÇÃO FORA DO LAR
RESTAURANTE SABOR DAS GERAIS,2017,ALIMENTAÇÃO FORA DO LAR
RESTAURANTE SÃO FRANCISCO,2024,ALIMENTAÇÃO FORA DO LAR
RESTAURANTE SÃO FRANCISCO,2023,ALIMENTAÇÃO FORA DO LAR
RESTAURANTE SÃO FRANCISCO,2022,ALIMENTAÇÃO FORA DO LAR
RESTAURANTE SEU LOURENÇO,2018,ALIMENTAÇÃO FORA DO LAR
RESTAURANTE SEU LOURENÇO,2019,ALIMENTAÇÃO FORA DO LAR
RESTAURANTE SILVESTRE,2024,ALIMENTAÇÃO FORA DO LAR
RESTAURANTE SÓ BAIÃO,2017,ALIMENTAÇÃO FORA DO LAR
RESTAURANTE SÓ BAIÃO,2016,ALIMENTAÇÃO FORA DO LAR
RESTAURANTE SÓ BAIÃO - 1,2018,ALIMENTAÇÃO FORA DO LAR
RESTAURANTE SÓ BAIÃO - 2,2018,ALIMENTAÇÃO FORA DO LAR
RESTAURANTE SOL,2023,ALIMENTAÇÃO FORA DO LAR
RESTAURANTE SOL ,2024,ALIMENTAÇÃO FORA DO LAR
TABERNA DA CARNE,2015,ALIMENTAÇÃO FORA DO LAR
RESTAURANTE TERRA DO SOL,2016,ALIMENTAÇÃO FORA DO LAR
RESTAURANTE TERRA DO SOL,2015,ALIMENTAÇÃO FORA DO LAR
RESTAURANTE TERRA DO SOL,2014,ALIMENTAÇÃO FORA DO LAR
RESTAURANTE TERRA DO SOL,2011 / 2012,ALIMENTAÇÃO FORA DO LAR
RESTAURANTE TERRA DO SOL,2009 / 2010,ALIMENTAÇÃO FORA DO LAR
RESTAURANTE VILLA BOHÊMIA,2017,ALIMENTAÇÃO FORA DO LAR
RESTAURANTE VILLA BOHÊMIA,2016,ALIMENTAÇÃO FORA DO LAR
RESTAURANTE VILLA BOHÊMIA,2015,ALIMENTAÇÃO FORA DO LAR
RESTAURANTE VÓ DARCI,2016,ALIMENTAÇÃO FORA DO LAR
RESTAURANTE W.FREITAS,2015,ALIMENTAÇÃO FORA DO LAR
RESTAURANTE ZÉ BEZERRA,2015,ALIMENTAÇÃO FORA DO LAR
RESTAURANTES DEL PRIMO LTDA,2025,ALIMENTAÇÃO FORA DO LAR
RETIFICA GUAXINIM,2022,MANUTENÇÃO DE VEÍCULOS
RETIFICA GUAXINIM - TAUÁ,2022,MANUTENÇÃO DE VEÍCULOS
ROCK & RIBS,2017,ALIMENTAÇÃO FORA DO LAR
ROMANOS HOTÉIS E EVENTOS,2014,HOSPEDAGEM
ROMANOS HOTÉIS E EVENTOS,2017,HOSPEDAGEM
ROMANOS HOTÉIS E EVENTOS,2016,HOSPEDAGEM
ROMANOS HOTÉIS E EVENTOS,2015,HOSPEDAGEM
ROMANOS HOTÉIS E EVENTOS,2013,HOSPEDAGEM
ROMEU AUTO CENTER,2024,MANUTENÇÃO DE VEÍCULOS
RONCO DO MAR,2022,ALIMENTAÇÃO FORA DO LAR
RONCO DO MAR CUMBUCO,2024,ALIMENTAÇÃO FORA DO LAR
ROSA & ARAUJO LTDA,2024,ALIMENTAÇÃO FORA DO LAR
SABOR DA FAMILIA,2024,ALIMENTAÇÃO FORA DO LAR
SABORES DA PRI,2024,ALIMENTAÇÃO FORA DO LAR
SABORES DO SERTÃO,2014,ALIMENTAÇÃO FORA DO LAR
SAMMY GELADOS LTDA,2024,ALIMENTAÇÃO FORA DO LAR
SANSABLE BEACHWEAR ,2024,LOJAS DE VAREJO
SBELTS CENTRO DE ESTÉTICA,2022,SERVIRÇOS DE ESTÉTICA
SD SERVICOS DE BELEZA E SAUDE LTDA,2024,SERVIÇOS DE ESTÉTICA
SELETO AÇAI,2025,ALIMENTAÇÃO FORA DO LAR
SEMEAR DELICATESSEN,2024,ALIMENTAÇÃO FORA DO LAR
SEMEAR DELICATESSEN,2017,ALIMENTAÇÃO FORA DO LAR
SEMEAR DELICATESSEN,2016,ALIMENTAÇÃO FORA DO LAR
SERRA BAMBU RESTAURANTE,2024,ALIMENTAÇÃO FORA DO LAR
SERRA BAMBU RESTAURANTE,2023,ALIMENTAÇÃO FORA DO LAR
SERTÃO MODERNO BAR E RESTAURANTE,2023,ALIMENTAÇÃO FORA DO LAR
SERTÃO MODERNO BAR E RESTAURANTE,2024,ALIMENTAÇÃO FORA DO LAR
SERTÃO MODERNO BAR E RESTAURANTE,2022,ALIMENTAÇÃO FORA DO LAR
SERTÃO POP CULTURA E TURISMO,2019,EMPRESA DE EVENTOS
SERTOES OFF ROAD COMERCIO E SERVICOS LTDA,2021,MANUTENÇÃO DE VEÍCULOS
SEU DOMINGO BEACH CLUB,2024,ALIMENTAÇÃO FORA DO LAR
SHOPPING PÃES E CIA,2015,ALIMENTAÇÃO FORA DO LAR
SHOPPING PÃES E CIA,2016,ALIMENTAÇÃO FORA DO LAR
SINDY FESTAS BUFFET E EVENTOS,2022,EMPRESA DE EVENTOS
SINDY FESTAS BUFFET E EVENTOS,2018,EMPRESA DE EVENTOS
SINDY FESTAS BUFFET E EVENTOS,2015,ALIMENTAÇÃO FORA DO LAR
SINDY FESTAS BUFFET E EVENTOS,2016,ALIMENTAÇÃO FORA DO LAR
SIR FISHER COMÉRCIO DE ALIMENTOS LTDA,2024,ALIMENTAÇÃO FORA DO LAR
SIR FISHER COMÉRCIO DE ALIMENTOS LTDA,2023,ALIMENTAÇÃO FORA DO LAR
SIRIGADO DO PEDRO,2024,ALIMENTAÇÃO FORA DO LAR
SIRIGADO DO PEDRO,2023,ALIMENTAÇÃO FORA DO LAR
SIRIGADO DO PEDRO,2022,ALIMENTAÇÃO FORA DO LAR
SIRIGADO DO PEDRO,2019,ALIMENTAÇÃO FORA DO LAR
SIRIGADO DO PEDRO,2018,ALIMENTAÇÃO FORA DO LAR
SIRIGADO DO PEDRO,2017,ALIMENTAÇÃO FORA DO LAR
SIRIGADO DO PEDRO,2016,ALIMENTAÇÃO FORA DO LAR
SIRIGADO DO PEDRO,2015,ALIMENTAÇÃO FORA DO LAR
SÍTIO DO BOSCO PARK,2022,HOSPEDAGEM
SÍTIO DO BOSCO PARK,2019,HOSPEDAGEM 
SITIO DO MEU PAI CLUB,2022,EMPRESA DE EVENTOS
SÍTIO SÃO LUÍS,2022,ALIMENTAÇÃO FORA DO LAR
SÍTIO SÃO LUÍS,2025,ALIMENTAÇÃO FORA DO LAR
SKYLE/COLCCI,2025,LOJAS DE VAREJO
SOBRE SALTO,2025,LOJAS DE VAREJO
SOFISTICASA,2025,LOJAS DE VAREJO
SOLAR SOL. ADMINISTRATIVAS,2025,COWORKING
SORRIR SOBRAL ODONTOLOGIA INTEGRADA,2025,SERVIÇOS DE SAÚDE
SORVETERIA BIXO BOM,2024,ALIMENTAÇÃO FORA DO LAR
SORVETERIA BIXO BOM,2017,ALIMENTAÇÃO FORA DO LAR
SORVETERIA BIXO BOM,2016,ALIMENTAÇÃO FORA DO LAR
SORVETERIA BIXO BOM,2015,ALIMENTAÇÃO FORA DO LAR
SORVETERIA E PASTELARIA SENSAÇÃO,2023,ALIMENTAÇÃO FORA DO LAR
SORVETERIA ESTAÇÃO DOÇURA,2014,ALIMENTAÇÃO FORA DO LAR
SOS AÇAÍ,2024,ALIMENTAÇÃO FORA DO LAR
SOS MOTOS (RAIMUNDO NONATO ALMEIDA LESSA),2021,MANUTENÇÃO DE VEÍCULOS
SPACE BURGER,2019,ALIMENTAÇÃO FORA DO LAR
SR BRAUHAUS CERVEJARIA,2023,ALIMENTAÇÃO FORA DO LAR
STAND SHOW MONTAGENS E EVENTOS LTDA,2019,EMPRESA DE EVENTOS
STAND SHOW MONTAGENS E EVENTOS LTDA,2018,EMPRESA DE EVENTOS
STAND SHOW MONTAGENS E EVENTOS LTDA,2017,EMPRESA DE EVENTOS
STAND SHOW MONTAGENS E EVENTOS LTDA,2016,EMPRESA DE EVENTOS
STAND SHOW MONTAGENS E EVENTOS LTDA,2015,EMPRESA DE EVENTOS
STAND SHOW MONTAGENS E EVENTOS LTDA,2013,EMPRESA DE EVENTOS
STAND SHOW MONTAGENS E EVENTOS LTDA,2011 / 2012,EMPRESA DE EVENTOS
STAND SHOW MONTAGENS E EVENTOS LTDA,2009 / 2010,EMPRESA DE EVENTOS
STEFANO SIBEMBERG ME,2023,HOSPEDAGEM
STROGGO - LIZANDRA COURAS DE OLIVEIRA LTDA ME,2023,ALIMENTAÇÃO FORA DO LAR
STUDIO CAROL ALVES,2024,SERVIÇOS DE ESTÉTICA
STUDIO JN FITNESS,2024,ACADEMIA
STUDIO SPORTISTA,2025,ACADEMIA
SUERLY CLÍNICA,2025,SERVIÇOS DE SAÚDE
SUNSET BAR ICARAIZINHO,2024,ALIMENTAÇÃO FORA DO LAR
SUNSET BAR ICARAIZINHO,2023,ALIMENTAÇÃO FORA DO LAR
SUPER PROGRESSO,2017,ALIMENTAÇÃO FORA DO LAR
SUSHI PEROLA NEGRA,2024,ALIMENTAÇÃO FORA DO LAR
TÁ BONITO RESTÔ,2014,ALIMENTAÇÃO FORA DO LAR
TÁ BONITO RESTÔ,2015,ALIMENTAÇÃO FORA DO LAR
TABERNA DA CARNE,2024,ALIMENTAÇÃO FORA DO LAR
TABERNA DA CARNE,2023,ALIMENTAÇÃO FORA DO LAR
TABERNA DA CARNE,2022,ALIMENTAÇÃO FORA DO LAR
TABERNA DA CARNE,2019,ALIMENTAÇÃO FORA DO LAR
TABERNA DA CARNE,2018,ALIMENTAÇÃO FORA DO LAR
TABERNA DA CARNE,2017,ALIMENTAÇÃO FORA DO LAR
TABERNA DA CARNE,2014,ALIMENTAÇÃO FORA DO LAR
TABERNA DA CARNE,2013,ALIMENTAÇÃO FORA DO LAR
TABERNA DA CARNE,2016,ALIMENTAÇÃO FORA DO LAR
TABULEIRO DA CARNE,2019,ALIMENTAÇÃO FORA DO LAR
TABULEIRO DA CARNE,2017,ALIMENTAÇÃO FORA DO LAR
TABULEIRO DA CARNE,2018,ALIMENTAÇÃO FORA DO LAR
TAHEN HOTEL,2017,HOSPEDAGEM
TAHEN HOTEL,2016,HOSPEDAGEM
TAHEN HOTEL,2015,HOSPEDAGEM
TAHEN HOTEL,2014,HOSPEDAGEM
TAHEN HOTEL,2013,HOSPEDAGEM
TAHEN HOTEL,2011 / 2012,HOSPEDAGEM
TAHEN HOTEL,2009 / 2010,HOSPEDAGEM
TAKE A JUICE SUL FORTALEZA,2024,ALIMENTAÇÃO FORA DO LAR
TAKE A JUICE SUL FORTALEZA,2023,ALIMENTAÇÃO FORA DO LAR
TAKO SUSHI BAR,2018,ALIMENTAÇÃO FORA DO LAR
TAKO SUSHI BAR,2013,ALIMENTAÇÃO FORA DO LAR
TAKO SUSHI BAR,2017,ALIMENTAÇÃO FORA DO LAR
TASKINHA DOS AMIGOS ,2024,ALIMENTAÇÃO FORA DO LAR
TASTY BURGUER,2024,ALIMENTAÇÃO FORA DO LAR
TC ASSESSORIA DE VIAGENS E TURISMO,2024,AGÊNCIA DE VIAGENS 
TEAR TERAPIAS E ARTE,2025,SERVIÇOS DE SAÚDE
TEMAKE SUSHI MAR,2015,ALIMENTAÇÃO FORA DO LAR
TEMPERO DA FÁTIMA,2025,ALIMENTAÇÃO FORA DO LAR
TEMPERO DA SERRA,2022,ALIMENTAÇÃO FORA DO LAR
TEMPERO DA SERRA ,2024,ALIMENTAÇÃO FORA DO LAR
TEMPERO DA SERRA ,2025,ALIMENTAÇÃO FORA DO LAR
TEMPERO DA SERRA ,2023,ALIMENTAÇÃO FORA DO LAR
TERA COMUNICAÇÃO,2023,EMPRESA DE EVENTOS
TERRA - AGÊNCIA DE VIAGENS E TURISMO LTDA.,2024,AGÊNCIA DE VIAGENS 
TERRA - AGÊNCIA DE VIAGENS E TURISMO LTDA.,2023,AGÊNCIA DE VIAGENS 
TERRA BRAZIL EXPERIENCE,2023,AGÊNCIA DE VIAGENS 
TERRA BRAZIL EXPERIENCE,2022,AGÊNCIA DE VIAGENS
TERRA DO SOL,2017,HOSPEDAGEM
TERRADIC - TAUA,2022,SERVIÇOS DE SAUDE
TERRAL GASTRONOMIA ,2024,ALIMENTAÇÃO FORA DO LAR
THE JOE’S PUB,2017,ALIMENTAÇÃO FORA DO LAR
THE LEKKER,2019,ALIMENTAÇÃO FORA DO LAR
THE LEKKER,2025,ALIMENTAÇÃO FORA DO LAR
TOCA DO LAMPIÃO,2018,ALIMENTAÇÃO FORA DO LAR
TOCA FINA,2013,ALIMENTAÇÃO FORA DO LAR
TORTELÊ ALIMENTOS LTDA,2009 / 2010,ALIMENTAÇÃO FORA DO LAR
TRADING EVENTOS,2022,EMPRESA DE EVENTOS
TRANS ALVES REFRIGERAÇÃO AUTOMOTIVA,2024,MANUTENÇÃO DE VEÍCULOS
TRANS ALVES REFRIGERAÇÃO AUTOMOTIVA,2023,MANUTENÇÃO DE VEÍCULOS
TRANS ALVES REFRIGERAÇÃO AUTOMOTIVA,2025,MANUTENÇÃO DE VEÍCULOS
TRANSFORME COWORKING ESCRITORIO VIRTUAL LTDA,2024,COWORKING
TRIGALL ESPETARIA E PIZZARIA LTDA,2023,ALIMENTAÇÃO FORA DO LAR
TROPICAL ILHAS POUSADA BEACH,2015,HOSPEDAGEM
TROPICAL PÃES,2019,ALIMENTAÇÃO FORA DO LAR
TROPICAL PÃES I,2024,ALIMENTAÇÃO FORA DO LAR
TROPICAL PÃES IGUATU,2018,ALIMENTAÇÃO FORA DO LAR
TROPICAL PÃES II,2024,ALIMENTAÇÃO FORA DO LAR
TROPIKAL TOUR,2025,AGÊNCIA DE VIAGENS 
TULLIPAS DA SERRA,2014,HOSPEDAGEM
TWO BROTHERS,2022,ALIMENTAÇÃO FORA DO LAR
TWO BROTHERS ,2022,ALIMENTAÇÃO FORA DO LAR
UNNI SHOP COMERCIO DE VESTUARIO LTDA,2024,LOJAS DE VAREJO
URUBU ECOPARQUE,2024,ALIMENTAÇÃO FORA DO LAR
URUBU ECOPARQUE,2023,ALIMENTAÇÃO FORA DO LAR
URUBU ECOPARQUE,2022,HOSPEDAGEM
VALE DAS PEDRAS HOTEL DE QUIXADÁ,2015,HOSPEDAGEM
VALE ÓTICA,2025,LOJAS DE VAREJO
VARANDAS BEACH HOTEL,2024,HOSPEDAGEM 
VARANDAS BEACH HOTEL,2023,HOSPEDAGEM
VARANDAS BEACH HOTEL,2022,HOSPEDAGEM
VARANDAS BEACH RESTAURANTE,2024,ALIMENTAÇÃO FORA DO LAR
VARANDAS BEACH RESTAURANTE,2023,ALIMENTAÇÃO FORA DO LAR
VARANDAS BEACH RESTAURANTE,2022,ALIMENTAÇÃO FORA DO LAR
VC EVENTOS,2019,EMPRESA DE EVENTOS
VC EVENTOS,2018,EMPRESA DE EVENTOS
VC EVENTOS,2016,EMPRESA DE EVENTOS
VC EVENTOS,2015,EMPRESA DE EVENTOS
VC EVENTOS,2014,EMPRESA DE EVENTOS
VC EVENTOS,2013,EMPRESA DE EVENTOS
VC EVENTOS,2011 / 2012,EMPRESA DE EVENTOS
VELA E MAR HOTEL,2019,HOSPEDAGEM 
VELA E MAR HOTEL,2018,HOSPEDAGEM
VELA E MAR HOTEL,2017,HOSPEDAGEM
VELA E MAR HOTEL,2016,HOSPEDAGEM
VELA E MAR HOTEL,2011 / 2012,HOSPEDAGEM
VELAS DO CUMBUCO,2025,ALIMENTAÇÃO FORA DO LAR
VERDELIMA RESTAURANTE,2015,ALIMENTAÇÃO FORA DO LAR
VERDES VALES LAZER HOTEL,2015,HOSPEDAGEM
VERDES VALES LAZER HOTEL,2016,HOSPEDAGEM
VEREDAS DO VALE HOTEL,2016,HOSPEDAGEM
VEREDAS DO VALE HOTEL,2015,HOSPEDAGEM
VESTYLLUS,2025,LOJAS DE VAREJO
VIA AUTOS,2022,MANUTENÇÃO DE VEÍCULOS
VIA PIZZA RESTAURANTE E PIZZARIA LTDA,2024,ALIMENTAÇÃO FORA DO LAR
VIÇOSA HOTEL DE SERRA,2019,HOSPEDAGEM 
VIÇOSA HOTEL DE SERRA,2018,HOSPEDAGEM
VIÇOSA HOTEL DE SERRA,2017,HOSPEDAGEM
VIÇOSA HOTEL DE SERRA,2011 / 2012,HOSPEDAGEM
VILA AREJO GASTRONOMIA ,2024,ALIMENTAÇÃO FORA DO LAR
VILA AZUL PRAIA HOTEL,2019,HOSPEDAGEM 
VILA AZUL PRAIA HOTEL,2016,HOSPEDAGEM
VILA AZUL PRAIA HOTEL,2015,HOSPEDAGEM
VILA AZUL PRAIA HOTEL,2014,HOSPEDAGEM
VILA AZUL PRAIA HOTEL,2013,HOSPEDAGEM
VILA AZUL PRAIA HOTEL,2011 / 2012,HOSPEDAGEM
VILA AZUL PRAIA HOTEL,2009 / 2010,HOSPEDAGEM
VILA CAFÉ,2024,ALIMENTAÇÃO FORA DO LAR
VILA CAFÉ,2019,ALIMENTAÇÃO FORA DO LAR
VILA DA TELHA GASTROBAR,2017,ALIMENTAÇÃO FORA DO LAR
VILA MANJU,2024,ALIMENTAÇÃO FORA DO LAR
VILA PIZZA,2024,ALIMENTAÇÃO FORA DO LAR
VILA PIZZA,2023,ALIMENTAÇÃO FORA DO LAR
VILA PREÁ,2017,HOSPEDAGEM
VILA PREÁ,2016,HOSPEDAGEM
VILA PREÁ,2015,HOSPEDAGEM
VILEDO BISTRÔ,2016,ALIMENTAÇÃO FORA DO LAR
VILLA AURORA POUSADA GUAJIRU,2024,HOSPEDAGEM 
VILLA BOULEVARD CAFFE & RISTORANTE,2024,ALIMENTAÇÃO FORA DO LAR
VILLA BOULEVARD CAFFE & RISTORANTE,2023,ALIMENTAÇÃO FORA DO LAR
VILLA MANGO,2022,HOSPEDAGEM
VILLA MAYOR,2009 / 2010,HOSPEDAGEM
VILLA SIRIGUELA,2023,HOSPEDAGEM
VILLA SIRIGUELA,2022,HOSPEDAGEM
VILLA SIRIGUELA ,2024,HOSPEDAGEM 
VILLA SOLEIL ,2024,HOSPEDAGEM 
VILLAGE BOULEVARD - HOTEL CASA DO MAR,2022,HOSPEDAGEM
VILLAGE HOTEL CASA DO MAR,2023,HOSPEDAGEM
VILLAGE SONHOS,2023,HOSPEDAGEM
VISCONDE HOTEL,2013,HOSPEDAGEM
VITAL CLINICA SERVICOS DE SAUDE LTDA,2025,SERVIÇOS DE SAÚDE
VITORINO TURISMO,2024,AGÊNCIA DE VIAGENS 
VITORINO TURISMO,2023,AGÊNCIA DE VIAGENS 
VM TURISMO E VIAGENS LTDA,2024,AGÊNCIA DE VIAGENS 
VÓ DAZINHA EMPÓRIO,2023,ALIMENTAÇÃO FORA DO LAR
VÓ LILA CAFÉ GOURMET,2022,ALIMENTAÇÃO FORA DO LAR
VÓ LILA GASTROBAR,2024,ALIMENTAÇÃO FORA DO LAR
VÓ LILA GASTROBAR,2023,ALIMENTAÇÃO FORA DO LAR
W10 PRODUÇÕES E EVENTOS,2014,EMPRESA DE EVENTOS
W10 PRODUÇÕES E EVENTOS,2013,EMPRESA DE EVENTOS
WDR TURISMO,2023,AGÊNCIA DE VIAGENS 
WEE TRAVEL,2024,AGÊNCIA DE VIAGENS 
WILKER BORRACHARIA - MARIA EULANIA BEZERRA NOGUEIRA,2024,MANUTENÇÃO DE VEÍCULOS
WILKER BORRACHARIA - MARIA EULANIA BEZERRA NOGUEIRA,2023,MANUTENÇÃO DE VEÍCULOS
WL ALUMINIO ,2022,MANUTENÇÃO DE VEÍCULOS
YELLO SUCOS & LANCHES,2024,ALIMENTAÇÃO FORA DO LAR
YELLO SUCOS & LANCHES,2023,ALIMENTAÇÃO FORA DO LAR
ZAPATTUS COURO E ACESSÓRIOS LTDA,2025,LOJAS DE VAREJO
ZAVATTIERI FOLHEADOS LTDA,2025,LOJAS DE VAREJO
ZAZA'S SOCIETY BAR,2024,ALIMENTAÇÃO FORA DO LAR
ZAZA'S SOCIETY BAR,2023,ALIMENTAÇÃO FORA DO LAR
ZAZA'S SOCIETY BAR,2022,ALIMENTAÇÃO FORA DO LAR
ZEBRA BOUTIQUE HOTEL,2015,HOSPEDAGEM
ZEBRA BOUTIQUE HOTEL,2016,HOSPEDAGEM
ZORAH BEACH HOTEL,2016,HOSPEDAGEM
ZORAIDE BRAGA CATERING ,2024,ALIMENTAÇÃO FORA DO LAR